2026-05-23 23:59:46,636 [INFO] database: БД инициализирована: tenders.db
2026-05-23 23:59:46,636 [INFO] main: Режим тест: уведомления в Telegram НЕ отправляются
2026-05-23 23:59:46,637 [INFO] main: ══════════════════════════════════════════════════
2026-05-23 23:59:46,637 [INFO] main: Старт прогона: 2026-05-23T23:59:46.637017
2026-05-23 23:59:46,637 [INFO] scraper: Ищу '1С-Битрикс', страница 1
2026-05-24 00:00:06,864 [WARNING] scraper: Ошибка запроса (попытка 1): HTTPSConnectionPool(host='zakupki.gov.ru', port=443): Max retries exceeded with url: /epz/order/extendedsearch/results.html?searchString=1%D0%A1-%D0%91%D0%B8%D1%82%D1%80%D0%B8%D0%BA%D1%81&morphology=on&search-filter=%D0%94%D0%B0%D1%82%D0%B5+%D1%80%D0%B0%D0%B7%D0%BC%D0%B5%D1%89%D0%B5%D0%BD%D0%B8%D1%8F&sortDirection=false&recordsPerPage=_20&showLotsInfoHidden=false&sortBy=UPDATE_DATE&currencyIdGeneral=-1&af=on&fz44=on&fz223=on&priceFrom=200000&priceTo=5000000&pageNumber=1 (Caused by ConnectTimeoutError(<HTTPSConnection(host='zakupki.gov.ru', port=443) at 0x118c55a90>, 'Connection to zakupki.gov.ru timed out. (connect timeout=20)'))
2026-05-24 00:01:57,023 [INFO] database: БД инициализирована: tenders.db
2026-05-24 00:01:57,024 [INFO] main: Режим тест: уведомления в Telegram НЕ отправляются
2026-05-24 00:01:57,024 [INFO] main: ══════════════════════════════════════════════════
2026-05-24 00:01:57,024 [INFO] main: Старт прогона: 2026-05-24T00:01:57.024244
2026-05-24 00:01:57,024 [INFO] scraper: Ищу '1С-Битрикс', страница 1
2026-05-24 00:02:00,442 [INFO] scraper: Ищу '1С-Битрикс', страница 2
2026-05-24 00:02:00,768 [INFO] scraper: Нет карточек на странице 2 для '1С-Битрикс'
2026-05-24 00:02:00,768 [INFO] scraper: Найдено 6 закупок по запросу '1С-Битрикс'
2026-05-24 00:02:00,770 [INFO] main: Скор 4: 'Оказание услуг по передаче (продлению) неисключительных лицензионных прав на исп' (0320300000326000030)
2026-05-24 00:02:00,771 [INFO] main: Скор 12: 'зз-0016-04257 - 2026 Оказание услуг по продлению неисключительных прав (лицензий' (0813500000126009628)
2026-05-24 00:02:00,773 [INFO] main: Скор 12: 'Оказание услуг по продлению лицензии на программное обеспечение «1С-Битрикс: вну' (0169200000814000031)
2026-05-24 00:02:00,774 [INFO] main: Скор 12: 'поставка программного продукта «1С-Битрикс: Официальный сайт государственной орг' (0169200000914000046)
2026-05-24 00:02:00,778 [INFO] main: Скор 12: 'Оказание услуг по сопровождению и поддержке программного обеспечения "1С-Битрикс' (0140100008114000006)
2026-05-24 00:02:00,779 [INFO] main: Скор -1: 'Оказание услуг по модернизации и сопровождению официальных сайтов Собрания депут' (0184200000514000005)
2026-05-24 00:02:00,855 [INFO] scraper: Ищу 'Bitrix', страница 1
2026-05-24 00:02:01,166 [INFO] scraper: Нет карточек на странице 1 для 'Bitrix'
2026-05-24 00:02:01,166 [INFO] scraper: Найдено 0 закупок по запросу 'Bitrix'
2026-05-24 00:02:01,167 [INFO] scraper: Ищу 'сопровождение сайта', страница 1
2026-05-24 00:02:04,698 [INFO] scraper: Ищу 'сопровождение сайта', страница 2
2026-05-24 00:02:08,269 [INFO] scraper: Найдено 40 закупок по запросу 'сопровождение сайта'
2026-05-24 00:02:08,275 [INFO] main: Скор 0: 'Оказание услуг посопровождению и хостингу официального интернет-сайта ФССП Росси' (0173100012626000045)
2026-05-24 00:02:08,279 [INFO] main: Скор 4: 'Оказание услуг по открытию доступа ксайту обновлений (информационно-технологичес' (0319100017726000019)
2026-05-24 00:02:08,282 [INFO] main: Скор 3: 'Услуги посопровождению и модернизациисайта, расположенного в сети Интернет по ад' (№ 32211454064)
2026-05-24 00:02:08,284 [INFO] main: Скор 2: 'Услуги по доработке, техническомусопровождению, поисковой (SEO) оптимизации, инф' (№ 32211435816)
2026-05-24 00:02:08,287 [INFO] main: Скор 4: 'Оказание услуг по
информационно-технологическомусопровождению программного прод' (0165100008020000023)
2026-05-24 00:02:08,289 [INFO] main: Скор 3: 'Оказание услуг посопровождению и обслуживаниюсайта' (№ 31908140946)
2026-05-24 00:02:08,291 [INFO] main: Скор 3: 'Оказание услуг посопровождению и обслуживаниюсайта для нужд МРНЦ им. А.Ф. Цыба' (№ 31907596169)
2026-05-24 00:02:08,292 [INFO] main: Скор 3: 'Оказание услуг посопровождению размещения заказов и сопутствующей информации в р' (№ 31603468973)
2026-05-24 00:02:08,294 [INFO] main: Скор 4: 'Оказание услуг по технической поддержке,сопровождениюсайтов, размещению модуля с' (0130200002414001357)
2026-05-24 00:02:08,295 [INFO] main: Скор -1: 'Оказание услуг по информационномусопровождению деятельности администрации г. Маг' (0169300000314000911)
2026-05-24 00:02:08,298 [INFO] main: Скор -1: 'Бумага для печати' (0840200000314000001)
2026-05-24 00:02:08,299 [INFO] main: Скор -1: 'Услуги посопровождению, обновлению и наполнению официального интернет-сайта О МВ' (0342100015114000005)
2026-05-24 00:02:08,301 [INFO] main: Скор 4: 'Оказание услуг по доработке, наполнению исопровождению интернет-сайта государств' (0142200001314005748)
2026-05-24 00:02:08,302 [INFO] main: Скор -1: 'Оказание услуг по обслуживанию,сопровождению и технической поддержкесайта Муници' (0190300001314000451)
2026-05-24 00:02:08,304 [INFO] main: Скор -1: 'Оказание услуг по техническомусопровождению бортовых терминалов (реестровый номе' (0152300011914000635)
2026-05-24 00:02:08,305 [INFO] main: Скор 4: 'Поставка книгоиздательской продукции для формирования библиотечного фонда научно' (0317100001014000029)
2026-05-24 00:02:08,307 [INFO] main: Скор 4: 'Поставка книжной продукции для комплектования фонда ЦБС г. Белгорода' (0126300035814000462)
2026-05-24 00:02:08,310 [INFO] main: Скор -1: 'Оказание услуг по организационно-техническомусопровождению, поддержке и осблужив' (0348300030814000117)
2026-05-24 00:02:08,315 [INFO] main: Скор -1: 'Оказание услуг по подписке дисков ИТС.Бюджет ПРОФ для информационно-технологичес' (0152300011914000559)
2026-05-24 00:02:08,319 [INFO] main: Скор -1: 'Оказание услуги посопровождению интернет-ресурса комиссии по делам несовершеннол' (0118200003414000046)
2026-05-24 00:02:08,321 [INFO] main: Скор 2: 'Оказание услуг по программномусопровождению (технической поддержке) автоматизиро' (0152300011914000510)
2026-05-24 00:02:08,322 [INFO] main: Скор -1: 'Оказание услуг посопровождению и обслуживанию программы 1С (реестровый номер 32.' (0152300011914000549)
2026-05-24 00:02:08,324 [INFO] main: Скор -1: 'Оказание услуг посопровождению и техническому обслуживаниюсайта 63sport.ru' (0342300000114000437)
2026-05-24 00:02:08,325 [INFO] main: Скор 0: 'Выполнение работ «Комплекс работ по информационно-технической поддержке исопрово' (0173100000814000592)
2026-05-24 00:02:08,328 [INFO] main: Скор 2: 'Комплексноесопровождения   официальногосайта.' (0373200594314000011)
2026-05-24 00:02:08,331 [INFO] main: Скор 2: 'Оказание услуг по технической поддержке,сопровождению, обновлению и развитиюсайт' (0136200003614001710)
2026-05-24 00:02:08,332 [INFO] main: Скор -1: 'Выполнение работ по комплексному техническомусопровождению автоматизированных ра' (0173300004114000011)
2026-05-24 00:02:08,334 [INFO] main: Скор -1: 'Оказание услуг по программномусопровождению автоматизированных навигационных сис' (0152300011914000501)
2026-05-24 00:02:08,335 [INFO] main: Скор 4: 'Оказание услуг по модернизации и техническомусопровождению информационных систем' (0173300012414000008)
2026-05-24 00:02:08,336 [INFO] main: Скор 3: 'Услуги посопровождению размещения заказов и сопутствующей информации Заказчика в' (№ 31401094003)
2026-05-24 00:02:08,337 [INFO] main: Скор -1: 'Оказание услуг по обеспечению организации актуализации исопровождениясайта подде' (0149200002314000603)
2026-05-24 00:02:08,338 [INFO] main: Скор 2: 'Оказание услуг посопровождению, обновлению и адаптации АИС «Имущество»' (0152300011914000459)
2026-05-24 00:02:08,339 [INFO] main: Скор -1: 'Оказание услуг по предоставлению обновлений исопровождению программ для ЭВМ сист' (0152300011914000418)
2026-05-24 00:02:08,340 [INFO] main: Скор -1: 'Предоставление услуг посопровождению интернет-сайта.' (0143100011214001234)
2026-05-24 00:02:08,341 [INFO] main: Скор -1: 'Оказание услуг по обслуживанию,сопровождению и технической поддержкесайта Муници' (0190300001314000140)
2026-05-24 00:02:08,342 [INFO] main: Скор -1: 'Оказание услуг по техническому и информационномусопровождению веб-сайта Бумеранг' (0134300039114000059)
2026-05-24 00:02:08,343 [INFO] main: Скор 2: 'оказание услуг по развитию, наполнению исопровождению официальногосайта Федераль' (0321100023214000018)
2026-05-24 00:02:08,344 [INFO] main: Скор -1: 'Оказание услуг по комплексному обслуживанию исопровождению программного продукта' (0152300011914000172)
2026-05-24 00:02:08,346 [INFO] main: Скор -1: 'Оказание услуг посопровождению официальногосайта Омского городского Совета исайт' (0152300011914000170)
2026-05-24 00:02:08,347 [INFO] main: Скор -1: 'Оказание услуг посопровождению и администрированию интернет –сайта «www.dimitrov' (0368300026314000088)
2026-05-24 00:02:08,348 [INFO] scraper: Ищу 'доработка сайта', страница 1
2026-05-24 00:02:11,711 [INFO] scraper: Ищу 'доработка сайта', страница 2
2026-05-24 00:02:12,072 [INFO] scraper: Нет карточек на странице 2 для 'доработка сайта'
2026-05-24 00:02:12,072 [INFO] scraper: Найдено 4 закупок по запросу 'доработка сайта'
2026-05-24 00:02:12,074 [INFO] main: Скор 3: 'Оказание услуг подоработкесайта' (№ 32009171446)
2026-05-24 00:02:12,075 [INFO] scraper: Ищу 'техническая поддержка сайта', страница 1
2026-05-24 00:02:15,541 [INFO] scraper: Ищу 'техническая поддержка сайта', страница 2
2026-05-24 00:02:18,976 [INFO] scraper: Найдено 40 закупок по запросу 'техническая поддержка сайта'
2026-05-24 00:02:18,982 [INFO] main: Скор 2: 'Оказание услуг по разработке,техническойподдержке и обслуживанию туристско-инфор' (0376300000126000192)
2026-05-24 00:02:18,985 [INFO] main: Скор 0: 'Оказание услуг потехническойподдержке официальногосайта администрации федерально' (0881500000126000025)
2026-05-24 00:02:18,987 [INFO] main: Скор 2: '«Закупка услуг по продлению лицензий на программное обеспечение иностранного про' (0120100010121000088)
2026-05-24 00:02:18,989 [INFO] main: Скор -2: '2349-2020-01504 Выполнение работ потехническойподдержке корпоративногосайта ПАО ' (№ 32009150735)
2026-05-24 00:02:18,992 [INFO] main: Скор 3: '«Оказание услуг на продление лицензий на программное обеспечение российского и и' (0120100010120000008)
2026-05-24 00:02:18,994 [INFO] main: Скор 3: '«Оказание услуг на продление лицензий на программное обеспечение российского про' (0120100010120000007)
2026-05-24 00:02:18,996 [INFO] main: Скор 3: 'Услуги по аппаратной итехническойподдержке корпоративногосайта АО «РОСНАНО» (rus' (№ 31908238372)
2026-05-24 00:02:18,998 [INFO] main: Скор 1: 'оказаниеуслуг по обеспечению работысайтаподдержки экспорта винформационно-телеко' (№ 31907891787)
2026-05-24 00:02:18,999 [INFO] main: Скор -2: 'Модернизация,техническая и информационнаяподдержка  интернет-сайта НГХМ' (№ 31907781847)
2026-05-24 00:02:19,001 [INFO] main: Скор 3: 'Услуги потехническойподдержке корпоративногосайта АО "РОСНАНО"' (№ 31907769738)
2026-05-24 00:02:19,003 [INFO] main: Скор -1: 'Выполнение работ по разработкесайта Холдинговой компании АО "НПО "Высокоточные к' (№ 31807024165)
2026-05-24 00:02:19,005 [INFO] main: Скор -1: 'Выполнение работ по разработкесайта Холдинговой компании АО "НПО "Высокоточные к' (№ 31806784017)
2026-05-24 00:02:19,008 [INFO] main: Скор -1: 'Оказание услуг по обеспечению работоспособности итехническойподдержке официально' (0119300038914000016)
2026-05-24 00:02:19,009 [INFO] main: Скор -1: 'Оказание услуг по созданию,технической и информационнойподдержкесайта международ' (0184200000614000086)
2026-05-24 00:02:19,011 [INFO] main: Скор 2: 'Оказание услуг связи и услуг по  эксплуатационно-техническому обслуживанию средс' (0373100091914000062)
2026-05-24 00:02:19,012 [INFO] main: Скор 2: 'право заключения государственного контракта на оказание услуг потехническойподде' (0158200002214000049)
2026-05-24 00:02:19,014 [INFO] main: Скор -1: 'оказание услуг потехническойподдержке интернетсайта отдела государственного конт' (0111300000814000109)
2026-05-24 00:02:19,015 [INFO] main: Скор -1: 'оказание услуг потехническойподдержкесайта для нужд Правительства Республики Инг' (0114200000114000155)
2026-05-24 00:02:19,016 [INFO] main: Скор 4: 'Оказание услуг потехническому обслуживанию (поддержке) и ежемесячной информацион' (0373200140614000015)
2026-05-24 00:02:19,017 [INFO] main: Скор 2: 'Открытый аукцион в электронной форме среди СМП на право заключения государственн' (0348200005614000002)
2026-05-24 00:02:19,019 [INFO] main: Скор 7: 'Оказание услуг на сопровождение (техническуюподдержку) программно-технического к' (0194200000514000425)
2026-05-24 00:02:19,020 [INFO] main: Скор -1: 'Оказание услуг по программно-техническойподдержкесайта региональной энергетическ' (0318200078814000035)
2026-05-24 00:02:19,022 [INFO] main: Скор -1: 'оказание услуг потехническойподдержке оборудования и программного обеспечения ко' (0166100001614000007)
2026-05-24 00:02:19,023 [INFO] main: Скор -1: 'Оказание услуг по подготовке и размещению на Интернет-ресурсах информации о деят' (0118200003414000032)
2026-05-24 00:02:19,024 [INFO] main: Скор 4: 'Оказание услуг по организационно-техническому сопровождению, информационной и ко' (0156200001214000012)
2026-05-24 00:02:19,025 [INFO] main: Скор -1: 'Услуги по осуществлениютехнической и консультационнойподдержки интернет-сайта Ар' (0139100005814000014)
2026-05-24 00:02:19,026 [INFO] main: Скор -1: 'Оказание услуг потехническойподдержке и сопровождению официальногосайта Законода' (0106200002114000012)
2026-05-24 00:02:19,027 [INFO] main: Скор -1: 'Техническаяподдержкасайта для нужд СПб ГБУ "СРЦН Фрунзенского района Санкт-Петер' (0372200130014000006)
2026-05-24 00:02:19,028 [INFO] main: Скор 2: 'Оказание услуг потехническойподдержке интернет-сайта www.yamolod.ru.' (0190200000314000708)
2026-05-24 00:02:19,030 [INFO] main: Скор -1: 'оказание услуг потехническойподдержкесайта государственного бюджетного дошкольно' (0372200073314000001)
2026-05-24 00:02:19,031 [INFO] main: Скор -1: 'оказание услуг потехническойподдержкесайта для нужд Правительства Республики Инг' (0114200000114000002)
2026-05-24 00:02:19,032 [INFO] scraper: Ищу 'модернизация сайта', страница 1
2026-05-24 00:02:22,460 [INFO] scraper: Ищу 'модернизация сайта', страница 2
2026-05-24 00:02:22,767 [INFO] scraper: Нет карточек на странице 2 для 'модернизация сайта'
2026-05-24 00:02:22,767 [INFO] scraper: Найдено 14 закупок по запросу 'модернизация сайта'
2026-05-24 00:02:22,769 [INFO] main: Скор 4: 'выполнение работ помодернизациисайта' (0190300000714000415)
2026-05-24 00:02:22,771 [INFO] main: Скор -1: 'Оказание услуг помодернизации интернет-сайта Министерства культуры Республики Ка' (0106200001914000467)
2026-05-24 00:02:22,772 [INFO] main: Скор 2: 'Оказание услуг помодернизации Интернет-сайтов департамента социальной защиты нас' (0128200000114002563)
2026-05-24 00:02:22,773 [INFO] main: Скор 4: 'Выполнение работ помодернизациисайта  органов местного самоуправления  внутригор' (0172300011614000023)
2026-05-24 00:02:22,774 [INFO] main: Скор 2: 'Оказание услуг: намодернизацию раздела официальногосайта города Нижнего Тагила h' (0162300000814000305)
2026-05-24 00:02:22,775 [INFO] main: Скор 2: 'Открытый аукцион в электронной форме на право заключения муниципального контракт' (0106300010514000052)
2026-05-24 00:02:22,776 [INFO] main: Скор 2: 'Выполнение работ помодернизации системы автоматизации бюджетного процесса города' (0152300011914000017)
2026-05-24 00:02:22,777 [INFO] main: Скор 3: 'Модернизациясайта Всероссийского молодежного форума Селигер-2014' (0173100003514002320)
2026-05-24 00:02:22,778 [INFO] scraper: Ищу 'администрирование сайта', страница 1
2026-05-24 00:02:26,133 [INFO] scraper: Ищу 'администрирование сайта', страница 2
2026-05-24 00:02:26,587 [INFO] scraper: Нет карточек на странице 2 для 'администрирование сайта'
2026-05-24 00:02:26,588 [INFO] scraper: Найдено 3 закупок по запросу 'администрирование сайта'
2026-05-24 00:02:26,589 [INFO] main: Скор 2: 'Размещение заказа на оказание услуг по сопровождению программного обеспечения дл' (0358300332114000022)
2026-05-24 00:02:26,590 [INFO] main: Скор -1: 'Оказание услуг поадминистрированию и техническому сопровождению официальногосайт' (0169300000314000196)
2026-05-24 00:02:26,591 [INFO] scraper: Ищу 'интеграция с 1С', страница 1
2026-05-24 00:02:30,083 [INFO] scraper: Ищу 'интеграция с 1С', страница 2
2026-05-24 00:02:33,634 [INFO] scraper: Найдено 40 закупок по запросу 'интеграция с 1С'
2026-05-24 00:02:33,640 [INFO] main: Скор 2: 'Оказание услуг по сопровождению подсистемыинтеграции СБКУ и автоматизированной с' (0136500001126003172)
2026-05-24 00:02:33,643 [INFO] main: Скор 4: 'Оказание услуг по техническому обслуживанию и ремонту медицинской техники с заме' (0318300001026000099)
2026-05-24 00:02:33,645 [INFO] main: Скор 2: 'Поставка реабилитационное оборудование для комплексной реабилитации, абелитами и' (0310200000326001875)
2026-05-24 00:02:33,651 [INFO] main: Скор -1: 'Аукцион в электронной форме, участниками которого могут быть только субъекты мал' (№ 32615989584)
2026-05-24 00:02:33,653 [INFO] main: Скор 2: '2026-03288 - Оказание услуг поинтеграции ГИС «Система-112 Воронежской области» с' (0131200001026003051)
2026-05-24 00:02:33,657 [INFO] main: Скор 2: 'на выполнение работ по развитию Государственной информационной системы обеспечен' (0174500001126003189)
2026-05-24 00:02:33,661 [INFO] main: Скор 3: 'Оказание услуг по разработке иинтеграции в систему Заказчика набора инструментов' (0119300019826001035)
2026-05-24 00:02:33,664 [INFO] main: Скор 4: 'Поставка оборудования для развития сенсомоторнойинтеграции для нужд ГБУЗ РБ РКПБ' (0301200046626000262)
2026-05-24 00:02:33,666 [INFO] main: Скор 1: 'Право заключения договора на поставка офисной бумаги и бумажных конвертов' (№ 32616027780)
2026-05-24 00:02:33,668 [INFO] main: Скор 0: 'Оказание услуги по развитию автоматизированной информационной системы «Единаяинт' (0162300005326000973)
2026-05-24 00:02:33,673 [INFO] main: Скор 3: 'Оказание услуг по разработке интерактивных портальных форм для 7 государственных' (0347200001226000054)
2026-05-24 00:02:33,676 [INFO] main: Скор 3: 'поставка  вспомогательных средств для обучения  сенсорнойинтеграции:  утяжелител' (№ 32615883566)
2026-05-24 00:02:33,678 [INFO] main: Скор 4: 'Оказание услуги по созданию внешней системы видеонаблюдения в помещениях МБУ "КЦ' (0148300000626000638)
2026-05-24 00:02:33,679 [INFO] main: Скор 2: 'Поставка книг для пополнения фонда Научной библиотеки им. М. Горького СПбГУ' (0372100003426000354)
2026-05-24 00:02:33,681 [INFO] main: Скор -1: 'Оказание услуг по по расширению функционала МИС «Инфоклиника PRO»,интеграция с с' (0372100037426000282)
2026-05-24 00:02:33,683 [INFO] main: Скор 2: 'Оказание услуг по методическому сопровождению и технической поддержке системы пе' (0818500000826003224)
2026-05-24 00:02:33,684 [INFO] main: Скор -2: 'Поставка логопедического зеркала и утяжеленного жилета с изменяемым весом для се' (№ 32616019106)
2026-05-24 00:02:33,686 [INFO] main: Скор 3: 'Оказание услуг по оформлению подписки на 2-е полугодие 2026 года' (0322100012926000049)
2026-05-24 00:02:33,687 [INFO] main: Скор 2: 'Оказание услуг по сопровождению, адаптации и модификации программного комплекса ' (0307200030626001051)
2026-05-24 00:02:33,689 [INFO] main: Скор -1: 'Оказание услуг по обеспечению технологическойинтеграции АИС ПП "Парус-Бюджет 8" ' (№ 32616018115)
2026-05-24 00:02:33,692 [INFO] main: Скор 0: 'Развитие Автоматизированной системы управления контрольно-надзорной деятельность' (0173100008526000015)
2026-05-24 00:02:33,694 [INFO] main: Скор 4: 'Автомобильное топливо' (0357200016626000022)
2026-05-24 00:02:33,695 [INFO] main: Скор 4: 'Оказание услуг по формированию общественного мнения населения города Томска чере' (0165300010526000332)
2026-05-24 00:02:33,696 [INFO] main: Скор 3: 'Оказание услуг по обследованию трансформаторов Т-1, Т-2 ГПП 110 кВ Колесного зав' (№ 32616015520)
2026-05-24 00:02:33,698 [INFO] main: Скор 2: 'Передача неисключительного права на использование модуляинтеграции МЭДО 3.0. про' (0122200002526001785)
2026-05-24 00:02:33,699 [INFO] main: Скор -3: 'Услуги по обеспечению питанием по адресу: г. Псков, ул. Яна Райниса, д. 58 (реги' (0157200000326000557)
2026-05-24 00:02:33,700 [INFO] main: Скор -1: 'Оказание услуги по предоставлению лицензий на право использовать компьютерное пр' (0306100005926000029)
2026-05-24 00:02:33,701 [INFO] main: Скор 0: 'Выполнение работ по разработке программного обеспечения с целью развития региона' (0152200004726000317)
2026-05-24 00:02:33,702 [INFO] main: Скор 3: 'оказание услуг по сопровождению и технической поддержке государственной информац' (0112200000826002456)
2026-05-24 00:02:33,703 [INFO] main: Скор 0: 'Оказание услуг по ремонту и техническому обслуживанию средств автоматизации, сис' (0172100003026000053)
2026-05-24 00:02:33,704 [INFO] main: Скор 3: '224968 Обеспечение настройкиинтеграции АС УИК' (№ 32616000545)
2026-05-24 00:02:33,705 [INFO] main: Скор 2: 'Оказание услуг по обеспечению доступа к сегменту цифровой сети связи синтеграцие' (0140100009826000065)
2026-05-24 00:02:33,706 [INFO] main: Скор 4: 'Поставка вспомогательного средства для перцептивной тренировки (тренировки воспр' (0340200003326006251)
2026-05-24 00:02:33,707 [INFO] main: Скор 2: 'Проведение работ по монтажу элементов систем видеонаблюдения, распознавания и ко' (№ 32615691733)
2026-05-24 00:02:33,708 [INFO] main: Скор 2: 'Выполнение работ по монтажу элементов системы видеонаблюдения и распознавания, с' (№ 32514819259)
2026-05-24 00:02:33,709 [INFO] main: Скор 4: 'Выполнение работ поинтеграции системы ОРИОН ПРО в единый комплекс систем АПС объ' (0373100084424000141)
2026-05-24 00:02:33,710 [INFO] main: Скор 2: 'Оказание услуг по технической поддержки системы ИСУЖДП, обеспечивающуюинтеграцию' (№ 32413174168)
2026-05-24 00:02:33,711 [INFO] main: Скор 2: 'Интеграция ТОС и WMS' (№ 32313022659)
2026-05-24 00:02:33,712 [INFO] main: Скор 2: 'Оказание услуг по технической поддержке системы "Интеграционной системы управлен' (№ 32211598855)
2026-05-24 00:02:33,713 [INFO] main: Скор 2: 'Оказание услуг по технической поддержке «Интеграционной системы управления желез' (№ 32110763585)
2026-05-24 00:02:33,715 [INFO] scraper: Ищу 'интеграция 1С', страница 1
2026-05-24 00:02:37,203 [INFO] scraper: Ищу 'интеграция 1С', страница 2
2026-05-24 00:02:40,723 [INFO] scraper: Найдено 40 закупок по запросу 'интеграция 1С'
2026-05-24 00:02:40,738 [INFO] scraper: Ищу 'Битрикс24', страница 1
2026-05-24 00:02:44,113 [INFO] scraper: Ищу 'Битрикс24', страница 2
2026-05-24 00:02:44,426 [INFO] scraper: Нет карточек на странице 2 для 'Битрикс24'
2026-05-24 00:02:44,426 [INFO] scraper: Найдено 6 закупок по запросу 'Битрикс24'
2026-05-24 00:02:44,428 [INFO] main: Скор 12: 'Оказание услуг по поставке сертификата "1С-Битрикс24. Маркетплейс" (подписка "Эн' (0118300013326000760)
2026-05-24 00:02:44,429 [INFO] main: Скор 14: '3апрос предложений в электронной форме № 26-4009 на право заключения лицензионно' (№ 32616011685)
2026-05-24 00:02:44,431 [INFO] main: Скор 9: 'Оказание услуг по адаптации и внедрению программы для  Управления проектами и ор' (№ 31908171336)
2026-05-24 00:02:44,432 [INFO] main: Скор 11: 'Поставка ПО 1С-Битрикс24корпоративный отдел' (№ 31908151095)
2026-05-24 00:02:44,433 [INFO] main: Скор 16: 'Поставка программного обеспечения «1С-Битрикс24»' (№ 31907941831)
2026-05-24 00:02:44,434 [INFO] scraper: Ищу 'обмен с 1С', страница 1
2026-05-24 00:02:47,944 [INFO] scraper: Ищу 'обмен с 1С', страница 2
2026-05-24 00:02:51,457 [INFO] scraper: Найдено 40 закупок по запросу 'обмен с 1С'
2026-05-24 00:02:51,462 [INFO] main: Скор 3: 'Поставка пластин теплообменных, уплотнителей' (№ 32616038591)
2026-05-24 00:02:51,466 [INFO] main: Скор 3: 'Поставка пластин теплообменных, уплотнительных прокладок' (№ 32616033503)
2026-05-24 00:02:51,468 [INFO] main: Скор 4: 'Обеспечение вещевым имуществом (обмундированием) студентов' (0318400000226000016)
2026-05-24 00:02:51,471 [INFO] main: Скор 2: 'Поставка форменногообмундирования для кадет (обувь)' (0373200631926000004)
2026-05-24 00:02:51,473 [INFO] main: Скор -1: 'Услуги по химической промывке котлов и теплообменников' (0340100003226000015)
2026-05-24 00:02:51,475 [INFO] main: Скор 4: 'Поставка служебногообмундирования судей Российской Федерации и работников аппара' (0140100005926000026)
2026-05-24 00:02:51,477 [INFO] main: Скор 1: 'Поставка наборов для плазмообмена для отделения диализа на 2026-2027гг.' (№ 32616036422)
2026-05-24 00:02:51,478 [INFO] main: Скор 2: 'Оказание услуг по замене металлических пластин в теплообменниках индивидуального' (0348200012426000033)
2026-05-24 00:02:51,480 [INFO] main: Скор 3: 'Обеспечение вещевым имуществом (обмундированием) студентов' (0318400000226000015)
2026-05-24 00:02:51,481 [INFO] main: Скор 4: 'Оказание услуги по техническому обслуживанию тепловых пунктов, опрессовке теплов' (0321200015026000137)
2026-05-24 00:02:51,483 [INFO] main: Скор 1: 'МИ №4835/МИ (34/29/2026) - Выполнение работ по техническому перевооружению (заме' (№ 32616012182)
2026-05-24 00:02:51,485 [INFO] main: Скор 3: 'Поставка форменногообмундирования для кадет в 2026 году для нужд ГБОУ Школа № 12' (0373200536026000002)
2026-05-24 00:02:51,486 [INFO] main: Скор -1: 'Приобретение служебногообмундирования для сотрудников суда' (0332100012326000030)
2026-05-24 00:02:51,487 [INFO] main: Скор 3: 'Выполнение работ по разработке проектной документации по объекту: «Выполнение ра' (0356500001426004516)
2026-05-24 00:02:51,490 [INFO] main: Скор 3: 'Поставка медицинского расходного материала (тепло/влагообменник, одноразового ис' (0373200052726000474)
2026-05-24 00:02:51,492 [INFO] main: Скор 0: 'Поставка оборудования (теплообменники) для котельной № 10 муниципального округа ' (0817200000326007521)
2026-05-24 00:02:51,493 [INFO] main: Скор 3: 'Форменноеобмундирование' (0132200003526000021)
2026-05-24 00:02:51,495 [INFO] main: Скор 4: 'Форменноеобмундирование' (0132200003526000020)
2026-05-24 00:02:51,496 [INFO] main: Скор 4: 'Оказание услуг по сопровождению и развитию Модуляобмена через среду системы межв' (0134300097526000329)
2026-05-24 00:02:51,497 [INFO] main: Скор 1: 'Выполнение работ по ремонту  жидкостного хроматографа Agilent 1290 с заменой теп' (№ 32616034746)
2026-05-24 00:02:51,499 [INFO] main: Скор 4: 'Поставка служебногообмундирования (рубашек, блузок) для судей и работников аппар' (0377100000926000041)
2026-05-24 00:02:51,500 [INFO] main: Скор 2: 'Оказание услуг по поверке средств измерения медицинского назначения' (0142200001326011708)
2026-05-24 00:02:51,501 [INFO] main: Скор 3: 'Выполнение работ по изготовлению форменногообмундирования для кадет для нужд ГБО' (0373200627326000031)
2026-05-24 00:02:51,505 [INFO] main: Скор 4: 'Поставка расходных медицинских материалов для оказания паллиативной помощи (тепл' (0387200026226000105)
2026-05-24 00:02:51,506 [INFO] main: Скор 3: 'Приобретение (пошив, поставка) служебногообмундирования для имеющих классные чин' (0169400001526000099)
2026-05-24 00:02:51,508 [INFO] main: Скор -1: 'Пошив и поставка служебногообмундирования  работникам аппарата Магаданского обла' (0147100000226000021)
2026-05-24 00:02:51,509 [INFO] main: Скор 4: 'Поставка расходных медицинских материалов для оказания паллиативной помощи (тепл' (0387200026226000104)
2026-05-24 00:02:51,510 [INFO] main: Скор 2: 'поставка медицинских изделий: тепло/влагообменник/бактериальный фильтр, стерильн' (0167200003426004418)
2026-05-24 00:02:51,511 [INFO] main: Скор 3: 'Приобретение (пошив, поставка) служебногообмундирования для имеющих классные чин' (0169400001526000098)
2026-05-24 00:02:51,512 [INFO] main: Скор -1: 'Поставка тепло/влагообменников, одноразового использования' (0334300023626000178)
2026-05-24 00:02:51,513 [INFO] main: Скор 3: 'Поставка запасных частей для ремонта общеобменной приточно-вытяжной вентиляции' (0373100060026000068)
2026-05-24 00:02:51,514 [INFO] main: Скор -1: 'Поставка пластинчатых теплообменников' (№ 32616033118)
2026-05-24 00:02:51,515 [INFO] main: Скор 1: 'МИ №4843/МИ (95/43/2026) - Выполнение работ по модернизации котельных в части за' (№ 32616032694)
2026-05-24 00:02:51,516 [INFO] main: Скор 2: 'Запрос котировок в электронной форме на поставку медицинских изделий (тепло/влаг' (0873200009826002243)
2026-05-24 00:02:51,518 [INFO] main: Скор 2: 'Поставка служебногообмундирования для  работников аппарата Пензенского областног' (0155100004826000038)
2026-05-24 00:02:51,520 [INFO] main: Скор 4: 'Оказание услуг по контролю эксплуатационных параметров, дозиметрическим измерени' (0372200283926000074)
2026-05-24 00:02:51,522 [INFO] main: Скор 4: 'Оказание услуг по разборной чистке и промывке пластинчатых теплообменников' (0311100016926000076)
2026-05-24 00:02:51,524 [INFO] main: Скор 4: 'Поставка служебногообмундирования для работников аппарата Ставропольского краево' (0121100007626000017)
2026-05-24 00:02:51,525 [INFO] main: Скор -1: 'Поставка медицинских изделий (Тепло/влагообменник/бактериальный фильтр, стерильн' (0307300002126000390)
2026-05-24 00:02:51,528 [INFO] main: Скор 3: 'Выполнениеобмерных работ и работ по разработке проектно-сметной и рабочей докуме' (№ 32616029781)
2026-05-24 00:02:51,529 [INFO] scraper: Ищу 'разработка модуля', страница 1
2026-05-24 00:02:55,073 [INFO] scraper: Ищу 'разработка модуля', страница 2
2026-05-24 00:02:58,519 [INFO] scraper: Найдено 40 закупок по запросу 'разработка модуля'
2026-05-24 00:02:58,525 [INFO] main: Скор -7: 'право заключения договора на выполнение работ поразработке рабочей документации,' (№ 32616022691)
2026-05-24 00:02:58,528 [INFO] main: Скор 2: '№ 26-ЭА-21 Работы поразработке, модернизации и технической поддержке информацион' (0346200018526000021)
2026-05-24 00:02:58,531 [INFO] main: Скор 3: 'ЭА-№-9850/26 «Выполнение монтажных работ, работ по техническому обслуживанию и р' (0119200000126009409)
2026-05-24 00:02:58,534 [INFO] main: Скор 3: 'Оказание услуг по диагностике, техническому обслуживанию и ремонту автотранспорт' (0826500000926001527)
2026-05-24 00:02:58,536 [INFO] main: Скор 4: 'Оказание услуг по диагностике, техническому обслуживанию и ремонту автотранспорт' (0826500000926001526)
2026-05-24 00:02:58,538 [INFO] main: Скор -4: 'Оказание услуги поразработке проектно-сметной документации на объект: "Устройств' (0135100003326000042)
2026-05-24 00:02:58,540 [INFO] main: Скор -4: 'Оказание услуги поразработке проектно-сметной документации на объект: "Устройств' (0135100003326000041)
2026-05-24 00:02:58,542 [INFO] main: Скор 2: 'Подготовка проектной документации и выполнение инженерных изысканий по объекту: ' (0118300018726000464)
2026-05-24 00:02:58,543 [INFO] main: Скор -5: 'Разработка ПД по титулу: Строительствомодульного бокса (гаража) для авто- и спец' (№ 32616000182)
2026-05-24 00:02:58,545 [INFO] main: Скор -1: 'Выполнение комплекса работ:разработка проектно-сметной документации (стадия Р, П' (№ 32616000374)
2026-05-24 00:02:58,551 [INFO] main: Скор 0: 'Оказание комплекса услуг по созданию, художественному оформлению и оснащению экс' (0374200019726000021)
2026-05-24 00:02:58,554 [INFO] main: Скор -1: 'Право на заключение Договора на выполнение научно-исследовательской и опытно-кон' (№ 32615906758)
2026-05-24 00:02:58,555 [INFO] main: Скор 3: 'Оказание услуг поразработке проектно-сметной документации на монтажмодульных ста' (0391100008121000157)
2026-05-24 00:02:58,557 [INFO] main: Скор 1: 'договор на выполнение работ поразработкемодуля интеграции систем Лоцман:PLM и 1С' (№ 32009655231)
2026-05-24 00:02:58,559 [INFO] main: Скор 3: 'Разработка и адаптация прикладных программныхмодулей для автоматизированной сист' (№ 32009173395)
2026-05-24 00:02:58,560 [INFO] main: Скор 0: 'Опытно-констурторская работа "Разработка и изготовление акустооптическогомодулят' (0373100118620000008)
2026-05-24 00:02:58,564 [INFO] main: Скор 1: '«Разработка разделов рабочей документации по транспортной безопасности по объект' (№ 32009154192)
2026-05-24 00:02:58,566 [INFO] main: Скор -1: 'Разработка интеграционногомодуля электронного документооборота на базе Docsvisio' (№ 32009057543)
2026-05-24 00:02:58,567 [INFO] main: Скор 0: 'Опытно-констурторская работа "Разработка и изготовление акустооптическогомодулят' (0373100118620000005)
2026-05-24 00:02:58,568 [INFO] main: Скор 3: 'Разработкамодуля управления качества расчетной сетки для программного продукта T' (№ 31908266566)
2026-05-24 00:02:58,569 [INFO] main: Скор 3: 'Работы поразработке интеграционногомодуля обмена 1С' (№ 31908211193)
2026-05-24 00:02:58,570 [INFO] main: Скор -1: 'Выполнение научно-исследовательских и опытно-конструкторских работ (НИОКР) по те' (№ 31908178885)
2026-05-24 00:02:58,571 [INFO] main: Скор -1: 'Исследование путей созданиямодулей обработки видеоизображения в частиразработки ' (№ 31908162286)
2026-05-24 00:02:58,572 [INFO] main: Скор -2: 'Научно-исследовательская работа «Разработкамодульных программ по 18 видам спорта' (№ 31908120216)
2026-05-24 00:02:58,573 [INFO] main: Скор 1: 'Выполнение работ поразработкемодуля формирования за-просов цен, системно интегри' (№ 31908044996)
2026-05-24 00:02:58,575 [INFO] main: Скор -1: 'Закупка услуг по организации и проведению стажировки слушателей в рамках 4модуля' (№ 31907897864)
2026-05-24 00:02:58,575 [INFO] main: Скор 1: 'Разработка проекта размещения оборудования по объекту «Размещение оборудования С' (№ 31907885265)
2026-05-24 00:02:58,576 [INFO] main: Скор 1: 'Разработка проекта размещения оборудования по объекту «Размещение оборудования Д' (№ 31907885212)
2026-05-24 00:02:58,578 [INFO] main: Скор 3: 'Выполнение работ поразработке проекта универсальных технологических решений длям' (№ 31907788488)
2026-05-24 00:02:58,579 [INFO] main: Скор 3: 'Оказание услуг поразработкемодуля для системы онлайн тестирования' (№ 31907626577)
2026-05-24 00:02:58,580 [INFO] main: Скор 4: 'Закупка, поставка, установка и сервисное обслуживание программного обеспечения и' (0322100027118000260)
2026-05-24 00:02:58,581 [INFO] main: Скор 4: 'Закупка, поставка, установка и сервисное обслуживание программного обеспечения и' (0322100027118000229)
2026-05-24 00:02:58,582 [INFO] main: Скор 1: 'Разработка проектно – сметной и рабочей документации по объекту: «Техническое пе' (№ 31806515796)
2026-05-24 00:02:58,583 [INFO] main: Скор 0: 'НИР "Исследование возможности создания иразработка технологии изготовления акуст' (0373100118618000011)
2026-05-24 00:02:58,585 [INFO] main: Скор 0: 'ОКР "Разработка микромеханическихмодулей для специальных исполнительных устройст' (0373100118618000003)
2026-05-24 00:02:58,586 [INFO] main: Скор 3: '0537-2017-00286 (276 225) Выполнение работ поРазработке и изготовлениюмодуля уст' (№ 31705515532)
2026-05-24 00:02:58,587 [INFO] main: Скор 3: '0537-2017-00276 (225) Выполнение работ поРазработке и изготовлениюмодуля установ' (№ 31705453268)
2026-05-24 00:02:58,590 [INFO] main: Скор 1: 'Выполнение СЧ ОКР «Разработка программного макета цифровогомодуля обработки сигн' (№ 31604031158)
2026-05-24 00:02:58,591 [INFO] main: Скор -1: 'Разработка программного обеспечения и исходных данных для РКД, ЭД, ПД и ТД, изго' (№ 31502452511)
2026-05-24 00:02:58,592 [INFO] main: Скор 2: 'Выполнение работы по теме: «Разработка технических решений по созданиюмодулей шл' (№ 31401866602)
2026-05-24 00:02:58,593 [INFO] scraper: Ищу 'администрирование сервера', страница 1
2026-05-24 00:03:02,218 [INFO] scraper: Ищу 'администрирование сервера', страница 2
2026-05-24 00:03:02,549 [INFO] scraper: Нет карточек на странице 2 для 'администрирование сервера'
2026-05-24 00:03:02,549 [INFO] scraper: Найдено 16 закупок по запросу 'администрирование сервера'
2026-05-24 00:03:02,551 [INFO] main: Скор 2: 'Оказание услуг по сопровождению прикладного программного обеспечения для нужд Го' (0142200001326011575)
2026-05-24 00:03:02,552 [INFO] main: Скор 0: 'Оказание услуг по сопровождению, информационно-технической поддержке и обеспечен' (0372100005626000040)
2026-05-24 00:03:02,553 [INFO] main: Скор 6: 'Поставка оборудования и программного обеспечения с подключением в ЛВС, производи' (0139300001414001356)
2026-05-24 00:03:02,555 [INFO] main: Скор -1: 'Оказание информационного обслуживания (услуги по поддержанию работоспособности п' (0158300045114000218)
2026-05-24 00:03:02,556 [INFO] main: Скор -1: 'Предоставление услуг по техническому обслуживанию,администрированию, ремонтусерв' (0161200001414000306)
2026-05-24 00:03:02,558 [INFO] main: Скор 2: 'Оказание образовательных услуг по обучению специалистов КУ НАО «НИАЦ» в области ' (0384200002614000011)
2026-05-24 00:03:02,559 [INFO] main: Скор -1: 'На право заключения государственного контракта на предоставление неисключительны' (0364100007614000018)
2026-05-24 00:03:02,560 [INFO] main: Скор -1: 'Оказание услуг по комплексному системному и техническому обслуживанию автоматизи' (0372200057114000074)
2026-05-24 00:03:02,562 [INFO] main: Скор -1: 'Предоставление (продление)  неисключительных (пользовательских)  прав  на програ' (0364100007614000013)
2026-05-24 00:03:02,565 [INFO] main: Скор -1: 'Оказание услуг информационно-технического характера поадминистрированию виртуаль' (0360300168214000046)
2026-05-24 00:03:02,567 [INFO] main: Скор -1: 'Оказание услуг информационно-технического характера поадминистрированию виртуаль' (0360300296614000046)
2026-05-24 00:03:02,568 [INFO] main: Скор -1: 'Оказание услуг информационно-технического характера поадминистрированию виртуаль' (0160300048514000019)
2026-05-24 00:03:02,572 [INFO] main: Скор 4: 'Оказание услуг по сопровождению иадминистрированию программно-аппаратных средств' (0318100029314000045)
2026-05-24 00:03:02,574 [INFO] main: Скор -1: 'Оказание услуг информационно-технического характера поадминистрированию виртуаль' (0360300029114000006)
2026-05-24 00:03:02,576 [INFO] main: Скор 3: 'Оказание услуг поадминистрированию баз даных, сети, технической поддержкисерверн' (0142200001314000017)
2026-05-24 00:03:02,578 [INFO] main: Скор 2: 'Оказание услуг по комплексному системному и техническому обслуживанию автоматизи' (0114100001414000005)
2026-05-24 00:03:02,578 [INFO] scraper: Ищу 'резервное копирование', страница 1
2026-05-24 00:03:06,054 [INFO] scraper: Ищу 'резервное копирование', страница 2
2026-05-24 00:03:09,538 [INFO] scraper: Найдено 33 закупок по запросу 'резервное копирование'
2026-05-24 00:03:09,544 [INFO] main: Скор 0: 'Оказание услуг по сопровождению государственной информационной системы Ленинград' (0145200000426000849)
2026-05-24 00:03:09,547 [INFO] main: Скор 0: 'Поставка лицензионного программного обеспечения для ЭВМ для нужд ФГБОУ ВО БГМУ М' (0301100049626000785)
2026-05-24 00:03:09,550 [INFO] main: Скор 4: 'Оказание услуг по дополнительному предоставлению права использования на условиях' (0137200001226004272)
2026-05-24 00:03:09,554 [INFO] main: Скор -1: 'Определение исполнителя на поставку сертификатов технической поддержки отечестве' (№ 32616027515)
2026-05-24 00:03:09,556 [INFO] main: Скор 0: 'Оказание услуг по ремонту и техническому обслуживанию комплекса копировально-мно' (0373100030826000082)
2026-05-24 00:03:09,559 [INFO] main: Скор 4: 'Услуги по технической поддержке программного обеспечения, осуществляющее автомат' (0338200008226000017)
2026-05-24 00:03:09,560 [INFO] main: Скор 2: 'На  оказание  услуг по  предоставлению  сертификатов  технической поддержки прог' (0174500001126003019)
2026-05-24 00:03:09,561 [INFO] main: Скор 0: 'Оказание услуг по сопровождению государственной информационной системы Санкт-Пет' (0372200278526000036)
2026-05-24 00:03:09,563 [INFO] main: Скор 0: 'Оказание услуг по поддержке и обслуживанию программных и аппаратных средств защи' (0148200000526000012)
2026-05-24 00:03:09,565 [INFO] main: Скор 0: 'Оказание услуг по предоставлению в аренду серверного оборудования (виртуальные с' (0111200000926000182)
2026-05-24 00:03:09,566 [INFO] main: Скор -1: 'Оказание услуги по предоставлению неисключительных прав на программное обеспечен' (0323100014820000014)
2026-05-24 00:03:09,568 [INFO] main: Скор -1: '1617-2019-99329. Выполнение работ по созданию системырезервногокопирования.' (№ 31908600064)
2026-05-24 00:03:09,572 [INFO] main: Скор -1: '"1617-2019-99066. Выполнение работ по созданию системырезервногокопирования"' (№ 31908491969)
2026-05-24 00:03:09,575 [INFO] main: Скор 0: 'Поставка специальных средств: среда разработки
топологии программируемых логичес' (0348100053719000125)
2026-05-24 00:03:09,578 [INFO] main: Скор -1: 'Оборудование HUAWEI OceanStor 5300 V3 Main Equipment для системырезервногокопиро' (№ 31603435759)
2026-05-24 00:03:09,580 [INFO] main: Скор 4: 'поставка сервера напольного типа в составе: процессоров не менее 2 шт. включител' (0122100002114000024)
2026-05-24 00:03:09,584 [INFO] main: Скор 3: 'Поставка, монтаж, настройка оргтехники, для нужд МБОУ СОШ №179 г. Новосибирска' (0351300076314000019)
2026-05-24 00:03:09,588 [INFO] main: Скор 3: 'Поставка программного обеспечения, компьютерного оборудования и оказание услуг п' (0177200000214000828)
2026-05-24 00:03:09,589 [INFO] main: Скор -1: 'поставка системрезервногокопирования  - поставка неисключительных прав (лицензий' (0243100002414000428)
2026-05-24 00:03:09,591 [INFO] main: Скор -1: 'Поставка серверного оборудования для системырезервногокопирования данных' (0150100003414000048)
2026-05-24 00:03:09,593 [INFO] main: Скор 4: 'Приобретение неисключительных (пользовательских) лицензионных прав на программно' (0817200000314001209)
2026-05-24 00:03:09,594 [INFO] main: Скор 2: 'Предоставление прав по использованию программного обеспечения (простые/неисключи' (0190300001914000152)
2026-05-24 00:03:09,595 [INFO] main: Скор 4: '«НА ПОСТАВКУ КОМПЬЮТЕРНОЙ И ОФИСНОЙ  ТЕХНИКИ»' (0120300020014000011)
2026-05-24 00:03:09,595 [INFO] main: Скор 0: 'Поставка технических средств для размещения общедоступного банка данных «Мемориа' (0173100000814000290)
2026-05-24 00:03:09,597 [INFO] main: Скор 2: 'Обслуживание программных продуктов по администрированию.  Ежемесячное технологич' (0318100002114000009)
2026-05-24 00:03:09,598 [INFO] main: Скор 4: 'Приобретение интегрированного программно-аппаратного комплексарезервногокопирова' (0190300000414000103)
2026-05-24 00:03:09,598 [INFO] main: Скор 3: 'Поставка аппаратно-программного комплексарезервногокопирования учетных данных по' (0373100114114000007)
2026-05-24 00:03:09,599 [INFO] main: Скор -1: 'Объектом закупки является: право заключения государственного контракта  на оказа' (0818100002314000003)
2026-05-24 00:03:09,600 [INFO] main: Скор 2: 'Ежемесячное технологическое и консультационное обслуживание программного продукт' (0318100050414000003)
2026-05-24 00:03:09,601 [INFO] main: Скор -1: 'Обслуживание программных продуктов для нужд бухгалтерии:
Обслуживание программно' (0318100050414000002)
2026-05-24 00:03:09,603 [INFO] main: Скор 0: 'Поставка аппаратно-программного комплекса виртуализации серверов' (0173100000614000006)
2026-05-24 00:03:09,604 [INFO] main: Скор 3: 'Право заключения договора на поставку программно-аппаратного комплекса длярезерв' (№ 31300773751)
2026-05-24 00:03:09,604 [INFO] scraper: Ищу 'техническое сопровождение информационной системы', страница 1
2026-05-25 22:59:53,817 [INFO] database: PostgreSQL pool создан: 1–5
2026-05-25 22:59:54,471 [INFO] database: PostgreSQL БД инициализирована
2026-05-25 22:59:54,472 [INFO] main: ══════════════════════════════════════════════════
2026-05-25 22:59:54,472 [INFO] main: Этап 1: поиск карточек и первичный скоринг
2026-05-25 22:59:54,472 [INFO] scraper: Ищу '1С-Битрикс', страница 1 (с 25.04.2026)
2026-05-25 23:01:42,012 [INFO] database: PostgreSQL pool создан: 1–5
2026-05-25 23:29:21,628 [INFO] database: PostgreSQL БД инициализирована
2026-05-25 23:29:21,630 [INFO] main: ══════════════════════════════════════════════════
2026-05-25 23:29:21,630 [INFO] main: Этап 1: поиск карточек и первичный скоринг
2026-05-25 23:29:21,630 [INFO] scraper: Ищу '1С-Битрикс', страница 1 (с 25.04.2026)
2026-05-26 08:06:59,361 [INFO] database: PostgreSQL БД инициализирована
2026-05-26 08:06:59,363 [INFO] main: ══════════════════════════════════════════════════
2026-05-26 08:06:59,363 [INFO] main: Этап 1: поиск карточек и первичный скоринг
2026-05-26 08:06:59,364 [INFO] scraper: Ищу '1С-Битрикс', страница 1 (с 26.04.2026)
2026-05-26 08:21:55,799 [INFO] database: PostgreSQL pool создан: 1–5
2026-05-26 10:49:53,600 [INFO] database: PostgreSQL pool создан: 1–5
2026-05-27 14:01:57,645 [INFO] database: PostgreSQL pool создан: 1–5 соединений
2026-05-27 14:01:59,333 [INFO] main: ══════════════════════════════════════════════════
2026-05-27 14:01:59,333 [INFO] main: Этап 1: поиск карточек и первичный скоринг
2026-05-27 14:01:59,334 [INFO] scraper: Ищу '1С-Битрикс', страница 1 (с 27.04.2026)
2026-05-27 14:02:23,978 [INFO] database: PostgreSQL pool создан: 1–5 соединений
2026-05-27 14:04:01,382 [INFO] main: ══════════════════════════════════════════════════
2026-05-27 14:04:01,384 [INFO] main: Этап 1: поиск карточек и первичный скоринг
2026-05-27 14:04:01,385 [INFO] scraper: Ищу '1С-Битрикс', страница 1 (с 27.04.2026)
2026-05-27 14:04:05,264 [INFO] scraper: Ищу '1С-Битрикс', страница 2 (с 27.04.2026)
2026-05-27 14:04:05,581 [INFO] scraper: Нет карточек на странице 2 для '1С-Битрикс'
2026-05-27 14:04:05,584 [INFO] scraper: Найдено 3 закупок по запросу '1С-Битрикс'
2026-05-27 14:04:05,584 [INFO] scraper: Ищу 'Битрикс24', страница 1 (с 27.04.2026)
2026-05-27 14:04:09,723 [INFO] scraper: Ищу 'Битрикс24', страница 2 (с 27.04.2026)
2026-05-27 14:04:10,033 [INFO] scraper: Нет карточек на странице 2 для 'Битрикс24'
2026-05-27 14:04:10,034 [INFO] scraper: Найдено 6 закупок по запросу 'Битрикс24'
2026-05-27 14:04:10,035 [INFO] scraper: Ищу 'Bitrix', страница 1 (с 27.04.2026)
2026-05-27 14:04:10,340 [INFO] scraper: Нет карточек на странице 1 для 'Bitrix'
2026-05-27 14:04:10,342 [INFO] scraper: Найдено 0 закупок по запросу 'Bitrix'
2026-05-27 14:04:10,342 [INFO] scraper: Ищу 'сопровождение сайта', страница 1 (с 27.04.2026)
2026-05-27 14:04:16,631 [INFO] scraper: Ищу 'сопровождение сайта', страница 2 (с 27.04.2026)
2026-05-27 14:04:16,961 [INFO] scraper: Нет карточек на странице 2 для 'сопровождение сайта'
2026-05-27 14:04:16,964 [INFO] scraper: Найдено 2 закупок по запросу 'сопровождение сайта'
2026-05-27 14:04:16,964 [INFO] scraper: Ищу 'доработка сайта', страница 1 (с 27.04.2026)
2026-05-27 14:04:20,542 [INFO] scraper: Ищу 'доработка сайта', страница 2 (с 27.04.2026)
2026-05-27 14:04:21,885 [INFO] scraper: Нет карточек на странице 2 для 'доработка сайта'
2026-05-27 14:04:21,888 [INFO] scraper: Найдено 1 закупок по запросу 'доработка сайта'
2026-05-27 14:04:21,888 [INFO] scraper: Ищу 'техническая поддержка сайта', страница 1 (с 27.04.2026)
2026-05-27 14:04:26,205 [INFO] scraper: Ищу 'техническая поддержка сайта', страница 2 (с 27.04.2026)
2026-05-27 14:04:26,577 [INFO] scraper: Нет карточек на странице 2 для 'техническая поддержка сайта'
2026-05-27 14:04:26,579 [INFO] scraper: Найдено 3 закупок по запросу 'техническая поддержка сайта'
2026-05-27 14:04:26,579 [INFO] scraper: Ищу 'модернизация сайта', страница 1 (с 27.04.2026)
2026-05-27 14:04:30,334 [INFO] scraper: Ищу 'модернизация сайта', страница 2 (с 27.04.2026)
2026-05-27 14:04:30,676 [INFO] scraper: Нет карточек на странице 2 для 'модернизация сайта'
2026-05-27 14:04:30,678 [INFO] scraper: Найдено 2 закупок по запросу 'модернизация сайта'
2026-05-27 14:04:30,679 [INFO] scraper: Ищу 'администрирование сайта', страница 1 (с 27.04.2026)
2026-05-27 14:04:31,497 [INFO] scraper: Нет карточек на странице 1 для 'администрирование сайта'
2026-05-27 14:04:31,498 [INFO] scraper: Найдено 0 закупок по запросу 'администрирование сайта'
2026-05-27 14:04:31,498 [INFO] scraper: Ищу 'интеграция с 1С', страница 1 (с 27.04.2026)
2026-05-27 14:04:35,731 [INFO] scraper: Ищу 'интеграция с 1С', страница 2 (с 27.04.2026)
2026-05-27 14:04:40,297 [INFO] scraper: Найдено 32 закупок по запросу 'интеграция с 1С'
2026-05-27 14:04:40,299 [INFO] scraper: Ищу 'интеграция 1С', страница 1 (с 27.04.2026)
2026-05-27 14:04:44,962 [INFO] scraper: Ищу 'интеграция 1С', страница 2 (с 27.04.2026)
2026-05-27 14:04:49,100 [INFO] scraper: Найдено 32 закупок по запросу 'интеграция 1С'
2026-05-27 14:04:49,102 [INFO] scraper: Ищу 'администрирование сервера', страница 1 (с 27.04.2026)
2026-05-27 14:04:52,904 [INFO] scraper: Ищу 'администрирование сервера', страница 2 (с 27.04.2026)
2026-05-27 14:04:53,233 [INFO] scraper: Нет карточек на странице 2 для 'администрирование сервера'
2026-05-27 14:04:53,235 [INFO] scraper: Найдено 4 закупок по запросу 'администрирование сервера'
2026-05-27 14:04:53,236 [INFO] scraper: Ищу 'резервное копирование', страница 1 (с 27.04.2026)
2026-05-27 14:04:57,209 [INFO] scraper: Ищу 'резервное копирование', страница 2 (с 27.04.2026)
2026-05-27 14:04:57,684 [INFO] scraper: Нет карточек на странице 2 для 'резервное копирование'
2026-05-27 14:04:57,685 [INFO] scraper: Найдено 8 закупок по запросу 'резервное копирование'
2026-05-27 14:04:57,686 [INFO] scraper: Ищу 'техническое сопровождение информационной системы', страница 1 (с 27.04.2026)
2026-05-27 14:05:02,352 [INFO] scraper: Ищу 'техническое сопровождение информационной системы', страница 2 (с 27.04.2026)
2026-05-27 14:05:06,356 [INFO] scraper: Найдено 40 закупок по запросу 'техническое сопровождение информационной системы'
2026-05-27 14:05:06,359 [INFO] scraper: Ищу 'личный кабинет', страница 1 (с 27.04.2026)
2026-05-27 14:05:10,339 [INFO] scraper: Ищу 'личный кабинет', страница 2 (с 27.04.2026)
2026-05-27 14:05:10,659 [INFO] scraper: Нет карточек на странице 2 для 'личный кабинет'
2026-05-27 14:05:10,661 [INFO] scraper: Найдено 4 закупок по запросу 'личный кабинет'
2026-05-27 14:05:10,661 [INFO] scraper: Ищу 'терминал сбора данных', страница 1 (с 27.04.2026)
2026-05-27 14:05:14,868 [INFO] scraper: Ищу 'терминал сбора данных', страница 2 (с 27.04.2026)
2026-05-27 14:05:15,192 [INFO] scraper: Нет карточек на странице 2 для 'терминал сбора данных'
2026-05-27 14:05:15,193 [INFO] scraper: Найдено 8 закупок по запросу 'терминал сбора данных'
2026-05-27 14:05:15,194 [INFO] scraper: Ищу 'сканер штрихкода', страница 1 (с 27.04.2026)
2026-05-27 14:05:20,771 [INFO] scraper: Ищу 'сканер штрихкода', страница 2 (с 27.04.2026)
2026-05-27 14:05:21,233 [INFO] scraper: Нет карточек на странице 2 для 'сканер штрихкода'
2026-05-27 14:05:21,235 [INFO] scraper: Найдено 3 закупок по запросу 'сканер штрихкода'
2026-05-27 14:05:21,235 [INFO] scraper: Ищу 'принтер этикеток', страница 1 (с 27.04.2026)
2026-05-27 14:05:25,809 [INFO] scraper: Ищу 'принтер этикеток', страница 2 (с 27.04.2026)
2026-05-27 14:05:26,173 [INFO] scraper: Нет карточек на странице 2 для 'принтер этикеток'
2026-05-27 14:05:26,174 [INFO] scraper: Найдено 5 закупок по запросу 'принтер этикеток'
2026-05-27 14:05:26,174 [INFO] scraper: Ищу 'сетевое оборудование', страница 1 (с 27.04.2026)
2026-05-27 14:05:30,232 [INFO] scraper: Ищу 'сетевое оборудование', страница 2 (с 27.04.2026)
2026-05-27 14:05:34,855 [INFO] scraper: Найдено 40 закупок по запросу 'сетевое оборудование'
2026-05-27 14:05:34,857 [INFO] scraper: Ищу 'видеонаблюдение', страница 1 (с 27.04.2026)
2026-05-27 14:05:38,885 [INFO] scraper: Ищу 'видеонаблюдение', страница 2 (с 27.04.2026)
2026-05-27 14:05:43,002 [INFO] scraper: Найдено 40 закупок по запросу 'видеонаблюдение'
2026-05-27 14:05:43,004 [INFO] scraper: Ищу 'СКУД', страница 1 (с 27.04.2026)
2026-05-27 14:05:48,070 [INFO] scraper: Ищу 'СКУД', страница 2 (с 27.04.2026)
2026-05-27 14:05:52,102 [INFO] scraper: Найдено 40 закупок по запросу 'СКУД'
2026-05-27 14:05:52,104 [INFO] scraper: ОКПД2 ['62.01', '62.02', '62.09', '63.11'], страница 1 (с 27.04.2026)
2026-05-27 14:05:55,807 [INFO] scraper: ОКПД2 ['62.01', '62.02', '62.09', '63.11'], страница 2 (с 27.04.2026)
2026-05-27 14:06:00,594 [INFO] scraper: ОКПД2 ['62.01', '62.02', '62.09', '63.11'] → 40 закупок
2026-05-27 14:06:00,600 [INFO] main: ОКПД2-канал добавил 39 новых тендеров
2026-05-27 14:34:25,150 [INFO] database: PostgreSQL pool создан: 1–5 соединений
2026-05-27 14:36:03,011 [INFO] main: ══════════════════════════════════════════════════
2026-05-27 14:36:03,014 [INFO] main: Этап 1: поиск карточек и первичный скоринг
2026-05-27 14:36:03,016 [INFO] scraper: Ищу '1С-Битрикс', страница 1 (с 27.04.2026)
2026-05-27 14:36:07,451 [INFO] scraper: Ищу '1С-Битрикс', страница 2 (с 27.04.2026)
2026-05-27 14:36:07,943 [INFO] scraper: Нет карточек на странице 2 для '1С-Битрикс'
2026-05-27 14:36:07,946 [INFO] scraper: Найдено 3 закупок по запросу '1С-Битрикс'
2026-05-27 14:36:27,110 [WARNING] database: PostgreSQL временно недоступен (upsert_primary), попытка 1/3: could not receive data from server: Operation timed out
SSL SYSCALL error: Operation timed out

2026-05-27 14:36:27,471 [INFO] database: PostgreSQL pool создан: 1–5 соединений
2026-05-27 14:36:48,172 [WARNING] database: PostgreSQL временно недоступен (upsert_primary), попытка 2/3: could not receive data from server: Operation timed out
SSL SYSCALL error: Operation timed out

2026-05-27 14:36:48,537 [INFO] database: PostgreSQL pool создан: 1–5 соединений
2026-05-27 14:37:36,609 [INFO] database: PostgreSQL pool создан: 1–5 соединений
2026-05-27 14:39:23,513 [INFO] main: ══════════════════════════════════════════════════
2026-05-27 14:39:23,516 [INFO] main: Этап 1: поиск карточек и первичный скоринг
2026-05-27 14:39:23,517 [INFO] scraper: Ищу '1С-Битрикс', страница 1 (с 27.04.2026)
2026-05-27 14:39:27,931 [INFO] scraper: Ищу '1С-Битрикс', страница 2 (с 27.04.2026)
2026-05-27 14:39:28,069 [INFO] scraper: Нет карточек на странице 2 для '1С-Битрикс'
2026-05-27 14:39:28,072 [INFO] scraper: Найдено 3 закупок по запросу '1С-Битрикс'
2026-05-27 14:39:47,300 [WARNING] database: PostgreSQL временно недоступен (upsert_primary), попытка 1/3: could not receive data from server: Operation timed out
SSL SYSCALL error: Operation timed out

2026-05-27 14:39:47,650 [INFO] database: PostgreSQL pool создан: 1–5 соединений
2026-05-27 14:44:53,886 [INFO] database: PostgreSQL pool создан: 1–5 соединений
2026-05-27 14:46:34,056 [INFO] main: ══════════════════════════════════════════════════
2026-05-27 14:46:34,058 [INFO] main: Этап 1: поиск карточек и первичный скоринг
2026-05-27 14:46:34,059 [INFO] scraper: Ищу '1С-Битрикс', страница 1 (с 27.04.2026)
2026-05-27 14:46:38,519 [INFO] scraper: Ищу '1С-Битрикс', страница 2 (с 27.04.2026)
2026-05-27 14:46:39,179 [INFO] scraper: Нет карточек на странице 2 для '1С-Битрикс'
2026-05-27 14:46:39,181 [INFO] scraper: Найдено 3 закупок по запросу '1С-Битрикс'
2026-05-27 14:46:58,413 [WARNING] database: PostgreSQL временно недоступен (upsert_primary), попытка 1/3: could not receive data from server: Operation timed out
SSL SYSCALL error: Operation timed out

2026-05-27 14:46:58,769 [INFO] database: PostgreSQL pool создан: 1–5 соединений
2026-05-27 14:47:19,572 [WARNING] database: PostgreSQL временно недоступен (upsert_primary), попытка 2/3: could not receive data from server: Operation timed out
SSL SYSCALL error: Operation timed out

2026-05-27 14:47:19,924 [INFO] database: PostgreSQL pool создан: 1–5 соединений
2026-05-27 14:47:42,052 [ERROR] main: Ошибка поиска по '1С-Битрикс': could not receive data from server: Operation timed out
SSL SYSCALL error: Operation timed out

2026-05-27 14:47:42,055 [INFO] scraper: Ищу 'Битрикс24', страница 1 (с 27.04.2026)
2026-05-27 14:47:46,358 [INFO] scraper: Ищу 'Битрикс24', страница 2 (с 27.04.2026)
2026-05-27 14:47:47,032 [INFO] scraper: Нет карточек на странице 2 для 'Битрикс24'
2026-05-27 14:47:47,035 [INFO] scraper: Найдено 6 закупок по запросу 'Битрикс24'
2026-05-27 14:48:07,229 [WARNING] database: PostgreSQL временно недоступен (upsert_primary), попытка 1/3: could not receive data from server: Operation timed out
SSL SYSCALL error: Operation timed out

2026-05-27 14:48:07,577 [INFO] database: PostgreSQL pool создан: 1–5 соединений
2026-05-27 14:48:28,277 [WARNING] database: PostgreSQL временно недоступен (upsert_primary), попытка 2/3: could not receive data from server: Operation timed out
SSL SYSCALL error: Operation timed out

2026-05-27 14:48:28,638 [INFO] database: PostgreSQL pool создан: 1–5 соединений
2026-05-27 14:48:52,666 [ERROR] main: Ошибка поиска по 'Битрикс24': could not receive data from server: Operation timed out
SSL SYSCALL error: Operation timed out

2026-05-27 14:48:52,671 [INFO] scraper: Ищу 'Bitrix', страница 1 (с 27.04.2026)
2026-05-27 14:48:53,008 [INFO] scraper: Нет карточек на странице 1 для 'Bitrix'
2026-05-27 14:48:53,023 [INFO] scraper: Найдено 0 закупок по запросу 'Bitrix'
2026-05-27 14:48:53,511 [INFO] scraper: Ищу 'сопровождение сайта', страница 1 (с 27.04.2026)
2026-05-27 14:48:57,990 [INFO] scraper: Ищу 'сопровождение сайта', страница 2 (с 27.04.2026)
2026-05-27 14:48:58,528 [INFO] scraper: Нет карточек на странице 2 для 'сопровождение сайта'
2026-05-27 14:48:58,530 [INFO] scraper: Найдено 2 закупок по запросу 'сопровождение сайта'
2026-05-27 14:49:17,612 [WARNING] database: PostgreSQL временно недоступен (upsert_primary), попытка 1/3: could not receive data from server: Operation timed out
SSL SYSCALL error: Operation timed out

2026-05-27 14:49:18,022 [INFO] database: PostgreSQL pool создан: 1–5 соединений
2026-05-27 15:22:26,313 [INFO] database: PostgreSQL pool создан: 1–5 соединений
2026-05-27 17:09:13,681 [INFO] database: PostgreSQL pool создан: 1–5 соединений
2026-05-27 17:16:22,040 [INFO] database: PostgreSQL pool создан: 1–5 соединений
2026-05-27 20:57:31,649 [INFO] database: PostgreSQL pool создан: 1–5 соединений
2026-05-27 20:57:38,893 [INFO] main: ══════════════════════════════════════════════════
2026-05-27 20:57:38,893 [INFO] main: Этап 1: поиск карточек и первичный скоринг
2026-05-27 20:57:38,894 [INFO] scraper: Ищу '1С-Битрикс', страница 1 (с 27.04.2026)
2026-05-27 20:59:45,669 [INFO] database: PostgreSQL pool создан: 1–5 соединений
2026-05-27 21:03:40,757 [INFO] database: PostgreSQL pool создан: 1–5 соединений
2026-05-27 21:04:00,006 [WARNING] database: PostgreSQL временно недоступен (check_db), попытка 1/3: could not receive data from server: Operation timed out
SSL SYSCALL error: Operation timed out

2026-05-27 21:04:00,368 [INFO] database: PostgreSQL pool создан: 1–5 соединений
2026-05-27 21:04:21,145 [WARNING] database: PostgreSQL временно недоступен (check_db), попытка 2/3: could not receive data from server: Operation timed out
SSL SYSCALL error: Operation timed out

2026-05-27 21:04:21,504 [INFO] database: PostgreSQL pool создан: 1–5 соединений
2026-05-27 21:55:30,549 [INFO] database: PostgreSQL pool создан: 1–5 соединений
2026-05-27 21:55:36,170 [INFO] main: ══════════════════════════════════════════════════
2026-05-27 21:55:36,171 [INFO] main: Этап 1: поиск карточек и первичный скоринг
2026-05-27 21:55:36,172 [INFO] scraper: Ищу '1С-Битрикс', страница 1 (с 27.04.2026)
2026-05-27 21:57:23,090 [INFO] database: PostgreSQL pool создан: 1–5 соединений
2026-05-27 21:57:42,411 [WARNING] database: PostgreSQL временно недоступен (check_db), попытка 1/3: could not receive data from server: Operation timed out
SSL SYSCALL error: Operation timed out

2026-05-27 21:57:42,794 [INFO] database: PostgreSQL pool создан: 1–5 соединений
2026-05-27 21:58:03,539 [WARNING] database: PostgreSQL временно недоступен (check_db), попытка 2/3: could not receive data from server: Operation timed out
SSL SYSCALL error: Operation timed out

2026-05-27 21:58:03,902 [INFO] database: PostgreSQL pool создан: 1–5 соединений
2026-05-27 22:48:22,586 [INFO] database: PostgreSQL pool создан: 1–5 соединений
2026-05-27 22:48:26,357 [INFO] main: ══════════════════════════════════════════════════
2026-05-27 22:48:26,358 [INFO] main: Этап 1: поиск карточек и первичный скоринг
2026-05-27 22:48:26,358 [INFO] scraper: Ищу '1С-Битрикс', страница 1 (с 27.04.2026)
2026-05-27 22:50:00,844 [INFO] database: PostgreSQL pool создан: 1–5 соединений
2026-05-27 22:50:03,982 [INFO] main: ══════════════════════════════════════════════════
2026-05-27 22:50:03,983 [INFO] main: Этап 1: поиск карточек и первичный скоринг
2026-05-27 22:50:03,983 [INFO] scraper: Ищу '1С-Битрикс', страница 1 (с 27.04.2026)
2026-05-27 22:50:08,191 [INFO] scraper: Ищу '1С-Битрикс', страница 2 (с 27.04.2026)
2026-05-27 22:50:08,487 [INFO] scraper: Нет карточек на странице 2 для '1С-Битрикс'
2026-05-27 22:50:08,490 [INFO] scraper: Найдено 4 закупок по запросу '1С-Битрикс'
2026-05-27 22:50:08,896 [INFO] database: PostgreSQL pool создан: 1–5 соединений
2026-05-27 22:50:10,164 [INFO] main: Stage1 inserted: скор 33, Оказание услуг по модернизации, миграции, настройке и техническому сопровождению (0387200025226000014)
2026-05-27 22:50:11,429 [INFO] main: Stage1 inserted: скор 32, Услуги по предоставлению лицензий на право использовать компьютерное программное (0335300000226000310)
2026-05-27 22:50:12,687 [INFO] main: Stage1 inserted: скор 34, Оказание услуг по передаче (продлению) неисключительных лицензионных прав на исп (0320300000326000030)
2026-05-27 22:50:13,942 [INFO] main: Stage1 inserted: скор 31, зз-0016-04257 - 2026 Оказание услуг по продлению неисключительных прав (лицензий (0813500000126009628)
2026-05-27 22:50:14,232 [INFO] scraper: Ищу 'Битрикс24', страница 1 (с 27.04.2026)
2026-05-27 22:50:18,603 [INFO] scraper: Ищу 'Битрикс24', страница 2 (с 27.04.2026)
2026-05-27 22:50:18,940 [INFO] scraper: Нет карточек на странице 2 для 'Битрикс24'
2026-05-27 22:50:18,942 [INFO] scraper: Найдено 6 закупок по запросу 'Битрикс24'
2026-05-27 22:50:19,337 [INFO] database: PostgreSQL pool создан: 1–5 соединений
2026-05-27 22:50:20,613 [INFO] main: Stage1 inserted: скор 34, оказание услуг по предоставлению неисключительных прав (лицензии) на использован (0809500000326001969)
2026-05-27 22:50:21,884 [INFO] main: Stage1 inserted: скор 34, Услуги по предоставлению лицензий на право использовать компьютерное программное (0335300000226000309)
2026-05-27 22:50:23,131 [INFO] main: Stage1 inserted: скор 34, Поставка неисключительного права на использование лицензии 1С- Битрикс24 .Энтерп (0335200007526000054)
2026-05-27 22:50:24,384 [INFO] main: Stage1 inserted: скор 34, Оказание услуг по поставке лицензии на использование (простую неисключительную л (0118300013326000763)
2026-05-27 22:50:25,651 [INFO] main: Stage1 inserted: скор 32, Оказание услуг по поставке сертификата "1С- Битрикс24 . Маркетплейс" (подписка " (0118300013326000760)
2026-05-27 22:50:26,927 [INFO] main: Stage1 unchanged: скор 34, Оказание услуг по передаче (продлению) неисключительных лицензионных прав на исп (0320300000326000030)
2026-05-27 22:50:27,219 [INFO] scraper: Ищу 'Bitrix', страница 1 (с 27.04.2026)
2026-05-27 22:50:27,520 [INFO] scraper: Нет карточек на странице 1 для 'Bitrix'
2026-05-27 22:50:27,523 [INFO] scraper: Найдено 0 закупок по запросу 'Bitrix'
2026-05-27 22:50:27,918 [INFO] database: PostgreSQL pool создан: 1–5 соединений
2026-05-27 22:50:28,206 [INFO] scraper: Ищу 'сопровождение сайта', страница 1 (с 27.04.2026)
2026-05-27 22:50:32,007 [INFO] scraper: Ищу 'сопровождение сайта', страница 2 (с 27.04.2026)
2026-05-27 22:50:32,361 [INFO] scraper: Нет карточек на странице 2 для 'сопровождение сайта'
2026-05-27 22:50:32,363 [INFO] scraper: Найдено 3 закупок по запросу 'сопровождение сайта'
2026-05-27 22:50:32,775 [INFO] database: PostgreSQL pool создан: 1–5 соединений
2026-05-27 22:50:34,145 [INFO] main: Stage1 updated: скор 32, Оказание услуг по модернизации, миграции, настройке и техническому сопровожден и (0387200025226000014)
2026-05-27 22:50:35,404 [INFO] main: Stage1 inserted: скор 33, Оказание услуг по техническому и консультационному сопровожден ию интернет-порта (0318500001226000005)
2026-05-27 22:50:36,674 [INFO] main: Stage1 inserted: скор 31, Оказание услуг по сопровожден ию и хостингу официального интернет- сайт а ФССП Р (0173100012626000045)
2026-05-27 22:50:36,961 [INFO] scraper: Ищу 'доработка сайта', страница 1 (с 27.04.2026)
2026-05-27 22:50:40,961 [INFO] scraper: Ищу 'доработка сайта', страница 2 (с 27.04.2026)
2026-05-27 22:50:41,274 [INFO] scraper: Нет карточек на странице 2 для 'доработка сайта'
2026-05-27 22:50:41,276 [INFO] scraper: Найдено 2 закупок по запросу 'доработка сайта'
2026-05-27 22:50:41,670 [INFO] database: PostgreSQL pool создан: 1–5 соединений
2026-05-27 22:50:42,933 [INFO] main: Stage1 inserted: скор 31, на право заключения договора на оказание услуг по доработк е сайт а АО «МАШ», те (32616054490)
2026-05-27 22:50:44,308 [INFO] main: Stage1 updated: скор 31, Оказание услуг по сопровождению и хостингу официального интернет- сайт а ФССП Ро (0173100012626000045)
2026-05-27 22:50:44,601 [INFO] scraper: Ищу 'техническая поддержка сайта', страница 1 (с 27.04.2026)
2026-05-27 22:50:48,324 [INFO] scraper: Ищу 'техническая поддержка сайта', страница 2 (с 27.04.2026)
2026-05-27 22:50:48,649 [INFO] scraper: Нет карточек на странице 2 для 'техническая поддержка сайта'
2026-05-27 22:50:48,650 [INFO] scraper: Найдено 6 закупок по запросу 'техническая поддержка сайта'
2026-05-27 22:50:49,047 [INFO] database: PostgreSQL pool создан: 1–5 соединений
2026-05-27 22:50:50,434 [INFO] main: Stage1 updated: скор 31, на право заключения договора на оказание услуг по доработке сайт а АО «МАШ», тех (32616054490)
2026-05-27 22:50:51,703 [INFO] main: Stage1 inserted: скор 32, Оказание услуг по разработке, техническ ой поддержк е и обслуживанию туристско-и (0376300000126000193)
2026-05-27 22:50:52,968 [INFO] main: Stage1 inserted: скор 33, Услуги по техническ ой поддержк е информационных технологий в 2026 году (0358300409226000025)
2026-05-27 22:50:54,242 [INFO] main: Stage1 inserted: скор 32, Услуги по обеспечению безопасности информации государственной информационной сис (0173100003526000043)
2026-05-27 22:50:55,501 [INFO] main: Stage1 unchanged: скор 31, Оказание услуг по сопровождению и хостингу официального интернет- сайт а ФССП Ро (0173100012626000045)
2026-05-27 22:50:56,756 [INFO] main: Stage1 inserted: скор 31, Оказание услуг по техническ ой поддержк е официального сайт а администрации феде (0881500000126000025)
2026-05-27 22:50:57,047 [INFO] scraper: Ищу 'модернизация сайта', страница 1 (с 27.04.2026)
2026-05-27 22:51:00,767 [INFO] scraper: Ищу 'модернизация сайта', страница 2 (с 27.04.2026)
2026-05-27 22:51:01,081 [INFO] scraper: Нет карточек на странице 2 для 'модернизация сайта'
2026-05-27 22:51:01,082 [INFO] scraper: Найдено 3 закупок по запросу 'модернизация сайта'
2026-05-27 22:51:01,476 [INFO] database: PostgreSQL pool создан: 1–5 соединений
2026-05-27 22:51:02,848 [INFO] main: Stage1 updated: скор 31, Оказание услуг по модернизац ии, миграции, настройке и техническому сопровождени (0387200025226000014)
2026-05-27 22:51:04,125 [INFO] main: Stage1 inserted: скор 30, Оказание услуг по модернизац ии официального сайт а Федеральной службы по надзор (0173100005026000009)
2026-05-27 22:51:05,389 [INFO] main: Stage1 inserted: скор 32, Оказание услуг по модернизац ии сайт а проекта  «Зимний университет» (32616043193)
2026-05-27 22:51:05,673 [INFO] scraper: Ищу 'администрирование сайта', страница 1 (с 27.04.2026)
2026-05-27 22:51:09,943 [INFO] scraper: Ищу 'администрирование сайта', страница 2 (с 27.04.2026)
2026-05-27 22:51:10,248 [INFO] scraper: Нет карточек на странице 2 для 'администрирование сайта'
2026-05-27 22:51:10,250 [INFO] scraper: Найдено 1 закупок по запросу 'администрирование сайта'
2026-05-27 22:51:10,641 [INFO] database: PostgreSQL pool создан: 1–5 соединений
2026-05-27 22:51:11,890 [INFO] main: Stage1 unchanged: скор 31, Услуги по обеспечению безопасности информации государственной информационной сис (0173100003526000043)
2026-05-27 22:51:12,177 [INFO] scraper: Ищу 'интеграция с 1С', страница 1 (с 27.04.2026)
2026-05-27 22:51:16,155 [INFO] scraper: Ищу 'интеграция с 1С', страница 2 (с 27.04.2026)
2026-05-27 22:51:16,491 [INFO] scraper: Нет карточек на странице 2 для 'интеграция с 1С'
2026-05-27 22:51:16,493 [INFO] scraper: Найдено 3 закупок по запросу 'интеграция с 1С'
2026-05-27 22:51:16,919 [INFO] database: PostgreSQL pool создан: 1–5 соединений
2026-05-27 22:51:18,209 [INFO] main: Stage1 inserted: скор 34, Оказание услуг по обновлению и сопровождению программных продуктов «1С: Колледж  (0372200034826000037)
2026-05-27 22:51:19,478 [INFO] main: Stage1 inserted: скор 33, Оказание услуг по разработке, модификации и сопровождению медицинской информацио (0373100091426000622)
2026-05-27 22:51:20,725 [INFO] main: Stage1 inserted: скор 32, Оказание услуг по предоставлению неисключительных прав на программное обеспечени (0372200121326000068)
2026-05-27 22:51:21,006 [INFO] scraper: Ищу 'интеграция 1С', страница 1 (с 27.04.2026)
2026-05-27 22:51:25,434 [INFO] scraper: Ищу 'интеграция 1С', страница 2 (с 27.04.2026)
2026-05-27 22:51:25,860 [INFO] scraper: Нет карточек на странице 2 для 'интеграция 1С'
2026-05-27 22:51:25,861 [INFO] scraper: Найдено 3 закупок по запросу 'интеграция 1С'
2026-05-27 22:51:26,253 [INFO] database: PostgreSQL pool создан: 1–5 соединений
2026-05-27 22:51:27,529 [INFO] main: Stage1 unchanged: скор 32, Оказание услуг по обновлению и сопровождению программных продуктов «1С: Колледж  (0372200034826000037)
2026-05-27 22:51:28,785 [INFO] main: Stage1 unchanged: скор 31, Оказание услуг по разработке, модификации и сопровождению медицинской информацио (0373100091426000622)
2026-05-27 22:51:30,047 [INFO] main: Stage1 unchanged: скор 30, Оказание услуг по предоставлению неисключительных прав на программное обеспечени (0372200121326000068)
2026-05-27 22:51:30,336 [INFO] scraper: Ищу 'администрирование сервера', страница 1 (с 27.04.2026)
2026-05-27 22:51:34,481 [INFO] scraper: Ищу 'администрирование сервера', страница 2 (с 27.04.2026)
2026-05-27 22:51:34,832 [INFO] scraper: Нет карточек на странице 2 для 'администрирование сервера'
2026-05-27 22:51:34,834 [INFO] scraper: Найдено 4 закупок по запросу 'администрирование сервера'
2026-05-27 22:51:35,228 [INFO] database: PostgreSQL pool создан: 1–5 соединений
2026-05-27 22:51:36,493 [INFO] main: Stage1 inserted: скор 32, Оказание услуг по техническому обслуживанию, ремонту и сопровождению инфраструкт (0187300001226000303)
2026-05-27 22:51:37,755 [INFO] main: Stage1 unchanged: скор 32, Услуги по обеспечению безопасности информации государственной информационной сис (0173100003526000043)
2026-05-27 22:51:39,020 [INFO] main: Stage1 inserted: скор 31, Оказание услуг по сопровождению прикладного программного обеспечения для нужд Го (0142200001326011575)
2026-05-27 22:51:40,280 [INFO] main: Stage1 inserted: скор 31, Оказание услуг по сопровождению, информационно-технической поддержке и обеспечен (0372100005626000040)
2026-05-27 22:51:40,568 [INFO] scraper: Ищу 'резервное копирование', страница 1 (с 27.04.2026)
2026-05-27 22:51:44,182 [INFO] scraper: Ищу 'резервное копирование', страница 2 (с 27.04.2026)
2026-05-27 22:51:44,589 [INFO] scraper: Нет карточек на странице 2 для 'резервное копирование'
2026-05-27 22:51:44,592 [INFO] scraper: Найдено 8 закупок по запросу 'резервное копирование'
2026-05-27 22:51:44,998 [INFO] database: PostgreSQL pool создан: 1–5 соединений
2026-05-27 22:51:46,270 [INFO] main: Stage1 inserted: скор 32, Выполнение работ по модернизации серверной инфраструктуры системы резервн ого ко (32616047636)
2026-05-27 22:51:47,539 [INFO] main: Stage1 inserted: скор 31, Оказание услуг по регламентному техническому обслуживанию системы пожарной автом (0145200000426000860)
2026-05-27 22:51:48,798 [INFO] main: Stage1 unchanged: скор 32, Оказание услуг по техническому обслуживанию, ремонту и сопровождению инфраструкт (0187300001226000303)
2026-05-27 22:51:50,051 [INFO] main: Stage1 inserted: скор 30, Оказание услуг по сопровождению государственной информационной системы Ленинград (0145200000426000849)
2026-05-27 22:51:51,316 [INFO] main: Stage1 inserted: скор 31, Поставка лицензионного программного обеспечения для ЭВМ для нужд ФГБОУ ВО БГМУ М (0301100049626000785)
2026-05-27 22:51:52,572 [INFO] main: Stage1 inserted: скор 31, Определение исполнителя на поставку сертификатов технической поддержки отечестве (32616027515)
2026-05-27 22:51:53,843 [INFO] main: Stage1 inserted: скор 31, На  оказание  услуг по  предоставлению  сертификатов  технической поддержки прог (0174500001126003019)
2026-05-27 22:51:55,119 [INFO] main: Stage1 inserted: скор 30, Оказание услуг по сопровождению государственной информационной системы Санкт-Пет (0372200278526000036)
2026-05-27 22:51:55,405 [INFO] scraper: Ищу 'техническое сопровождение информационной системы', страница 1 (с 27.04.2026)
2026-05-27 22:51:59,295 [INFO] scraper: Ищу 'техническое сопровождение информационной системы', страница 2 (с 27.04.2026)
2026-05-27 22:52:03,523 [INFO] scraper: Найдено 40 закупок по запросу 'техническое сопровождение информационной системы'
2026-05-27 22:52:03,919 [INFO] database: PostgreSQL pool создан: 1–5 соединений
2026-05-27 22:52:05,189 [INFO] main: Stage1 inserted: скор 29, Оказание услуг по передаче простой (неисключительной) лицензии на продление прав (0318200068126000175)
2026-05-27 22:52:06,448 [INFO] main: Stage1 inserted: скор 29, Оказание услуг по сопровожден ию систем ы электронного документооборота в админи (0118300013326000793)
2026-05-27 22:52:07,699 [INFO] main: Stage1 inserted: скор 30, Оказание услуг по комплексному обеспечению сетевой связанности и сопровожден ию  (0845200000426000022)
2026-05-27 22:52:08,946 [INFO] main: Stage1 inserted: скор 29, Оказание комплексных услуг по техническ ой поддержке и систем ному сопровожден и (0373200640926000021)
2026-05-27 22:52:10,194 [INFO] main: Stage1 inserted: скор 31, Оказание услуг по сопровожден ию и техническ ой поддержке государственной информ (0325200023226000001)
2026-05-27 22:52:11,453 [INFO] main: Stage1 inserted: скор 31, Услуга по информацион но- техническ ому сопровожден ию гео информацион ной систе (0321300001126000261)
2026-05-27 22:52:12,723 [INFO] main: Stage1 inserted: скор 31, Электронный аукцион на право заключения контракта на оказание услуг по комплексн (0373200126226000025)
2026-05-27 22:52:13,976 [INFO] main: Stage1 inserted: скор 30, Оказание услуг по сопровожден ию и техническ ой поддержке Единой информацион ной (0272100000426000038)
2026-05-27 22:52:15,287 [INFO] main: Stage1 inserted: скор 29, Оказание комплекса услуг по продлению и обновлению неисключительного права на ис (0847500000926001343)
2026-05-27 22:52:16,552 [INFO] main: Stage1 inserted: скор 31, Техническ ое сопровожден ие общеотраслевой информацион ной систем ы «Архивный фо (0173100011426000003)
2026-05-27 22:52:17,803 [INFO] main: Stage1 inserted: скор 29, Оказание услуг по сопровожден ию систем ы размещения информации о подготовке фед (0173100008626000016)
2026-05-27 22:52:19,070 [INFO] main: Stage1 inserted: скор 30, Оказание услуг по предоставлению простой (неисключительной) лицензии на право ис (0372200000926000187)
2026-05-27 22:52:20,333 [INFO] main: Stage1 inserted: скор 31, Оказание услуг по техническ ой поддержке ( сопровожден ию) информацион ной систе (0318200031526000099)
2026-05-27 22:52:21,591 [INFO] main: Stage1 inserted: скор 30, ЭА-№-9756/26 «по техническ ому сопровожден ию под систем ы «Региональная лаборат (0119200000126009636)
2026-05-27 22:52:22,878 [INFO] main: Stage1 inserted: скор 30, Оказание услуг по техническ ому сопровожден ию информацион ной систем ы дистанци (0380200000126004238)
2026-05-27 22:52:24,139 [INFO] main: Stage1 inserted: скор 30, на оказание услуг по техническ ой поддержке и сопровожден ию лабораторной информ (0343200010726000223)
2026-05-27 22:52:25,405 [INFO] main: Stage1 inserted: скор 29, Оказание услуг по сопровожден ию под систем ы «Телекоммуникационная под систем а (0348200081026003181)
2026-05-27 22:52:26,742 [INFO] main: Stage1 inserted: скор 29, Оказание услуг по контентному наполнению (не относится к ИКТ и ГИС), сопровожден (0873400004326000009)
2026-05-27 22:52:28,000 [INFO] main: Stage1 inserted: скор 30, Оказание услуг по сопровожден ию автоматизированной информацион ной систем ы «Ди (0806500000226000431)
2026-05-27 22:52:29,269 [INFO] main: Stage1 inserted: скор 29, Запрос котировок в электронной форме на право заключения Договора на оказание ус (32616048624)
2026-05-27 22:52:30,541 [INFO] main: Stage1 inserted: скор 29, Оказание услуг по информацион ному обслуживанию и техническ ому сопровожден ию с (0157200000326000582)
2026-05-27 22:52:31,796 [INFO] main: Stage1 inserted: скор 29, Оказание услуг (выполнение работ) по проекту: «Организационно- техническ ое сопр (0195400000326000008)
2026-05-27 22:52:33,051 [INFO] main: Stage1 inserted: скор 31, Оказание услуг по сопровожден ию лабораторной информацион ной систем ы (0366200035626003641)
2026-05-27 22:52:34,302 [INFO] main: Stage1 inserted: скор 30, на оказание услуг по техническ ому сопровожден ию пользователей при эксплуатации (0304300058926000070)
2026-05-27 22:52:35,560 [INFO] main: Stage1 inserted: скор 29, Выполнение работ по созданию комплексной систем ы видеонаблюдения с функцией вид (0112200000826002193)
2026-05-27 22:52:36,835 [INFO] main: Stage1 inserted: скор 29, Оказание услуг по техническ ому сопровожден ию систем ы обеспечения информацион  (0869200000226004545)
2026-05-27 22:52:38,120 [INFO] main: Stage1 inserted: скор 30, Услуги по комплексному сопровожден ию и техническ ому обслуживанию информацион н (0843500000226002967)
2026-05-27 22:52:39,384 [INFO] main: Stage1 inserted: скор 31, Оказание услуг по расширенной техническ ой поддержке и сопровожден ию автоматизи (0838200000626000004)
2026-05-27 22:52:40,645 [INFO] main: Stage1 inserted: скор 29, Оказание услуг по адаптации и сопровожден ию экземпляров справочно-правовой сист (0348500004226000019)
2026-05-27 22:52:41,894 [INFO] main: Stage1 inserted: скор 29, Оказание услуг по техническ ой поддержке и сопровожден ию программного обеспечен (0190200000326006136)
2026-05-27 22:52:43,173 [INFO] main: Stage1 inserted: скор 31, сопровожден ие информацион ной систем ы (гостехнадзор эксперт) для Ростовоблгост (0158200003126000008)
2026-05-27 22:52:44,427 [INFO] main: Stage1 inserted: скор 30, Оказание услуг по методическому сопровожден ию и техническ ой поддержке систем ы (0152200004726000346)
2026-05-27 22:52:45,697 [INFO] main: Stage1 inserted: скор 30, Оказание услуги по модернизации систем ы защиты информации и переаттестации Авто (0102200001626001314)
2026-05-27 22:52:46,949 [INFO] main: Stage1 inserted: скор 31, Оказание услуг по техническ ой модернизации автоматизированной информацион ной с (0245100000726000036)
2026-05-27 22:52:48,198 [INFO] main: Stage1 inserted: скор 29, Оказание услуг техническ ого сопровожден ия и выполнение работ по реализации зап (32616040787)
2026-05-27 22:52:49,487 [INFO] main: Stage1 inserted: скор 29, Оказание услуг по сопровожден ию и техническ ой поддержке государственной информ (0851200000626003477)
2026-05-27 22:52:50,758 [INFO] main: Stage1 inserted: скор 31, Оказание услуги по сопровожден ию и техническ ой поддержке базовой версии устано (0318300167826000248)
2026-05-27 22:52:52,025 [INFO] main: Stage1 inserted: скор 31, Техническ ое сопровожден ие (поддержка) региональной государственной информацион (0816500000626009033)
2026-05-27 22:52:53,272 [INFO] main: Stage1 inserted: скор 30, Оказание услуг по программному сопровожден ию ( техническ ой поддержке) медицинс (0352300010426000193)
2026-05-27 22:52:54,529 [INFO] main: Stage1 inserted: скор 29, Оказание услуг по сопровожден ию и развитию программы для ЭВМ «Мобильное приложе (0356500001426004550)
2026-05-27 22:52:54,820 [INFO] scraper: Ищу 'личный кабинет', страница 1 (с 27.04.2026)
2026-05-27 22:52:58,753 [INFO] scraper: Ищу 'личный кабинет', страница 2 (с 27.04.2026)
2026-05-27 22:52:59,081 [INFO] scraper: Нет карточек на странице 2 для 'личный кабинет'
2026-05-27 22:52:59,085 [INFO] scraper: Найдено 4 закупок по запросу 'личный кабинет'
2026-05-27 22:52:59,479 [INFO] database: PostgreSQL pool создан: 1–5 соединений
2026-05-27 22:53:00,760 [INFO] main: Stage1 inserted: скор 33, Поставка литературы (0122300006126000659)
2026-05-27 22:53:02,024 [INFO] main: Stage1 inserted: скор 32, Предварительный квалификационный отбор по направлению деятельности «Разработка в (32616044998)
2026-05-27 22:53:03,284 [INFO] main: Stage1 inserted: скор 30, Оказание услуг по организации и проведению приемной кампании «АБИТУРИЕНТ-2026» (0187200001726000624)
2026-05-27 22:53:04,543 [INFO] main: Stage1 inserted: скор 32, Оказание услуг по модернизации программно-информационного комплекса «Управление  (2045500000126000178)
2026-05-27 22:53:04,829 [INFO] scraper: Ищу 'терминал сбора данных', страница 1 (с 27.04.2026)
2026-05-27 22:53:09,071 [INFO] scraper: Ищу 'терминал сбора данных', страница 2 (с 27.04.2026)
2026-05-27 22:53:09,476 [INFO] scraper: Нет карточек на странице 2 для 'терминал сбора данных'
2026-05-27 22:53:09,478 [INFO] scraper: Найдено 9 закупок по запросу 'терминал сбора данных'
2026-05-27 22:53:09,873 [INFO] database: PostgreSQL pool создан: 1–5 соединений
2026-05-27 22:53:11,142 [INFO] main: Stage1 inserted: скор 31, Термина л сбор а дан ных (0375200031526000124)
2026-05-27 22:53:12,417 [INFO] main: Stage1 inserted: скор 33, Поставка термина ла сбор а дан ных (0190200000326006299)
2026-05-27 22:53:13,668 [INFO] main: Stage1 inserted: скор 32, Поставка термина лов сбор а дан ных (0322200001226001030)
2026-05-27 22:53:14,935 [INFO] main: Stage1 inserted: скор 31, Поставка комплектующих для ремонта средств вычислительной техники УФНС России по (0152100004426000014)
2026-05-27 22:53:16,194 [INFO] main: Stage1 inserted: скор 33, Оказание услуг  по ремонту и обслуживанию средств вычислительной техники и печат (0310100006726000012)
2026-05-27 22:53:17,494 [INFO] main: Stage1 inserted: скор 32, оказание услуг по обеспечению постгарантийного(негарантийного) ремонта программн (0136100010326000053)
2026-05-27 22:53:18,764 [INFO] main: Stage1 inserted: скор 31, Ремонт программно-технических средств, восстановление ресурсных характеристик пе (0111100008426000039)
2026-05-27 22:53:20,016 [INFO] main: Stage1 inserted: скор 32, Поставка оборудования для автоматизации процесса инвентаризации для нужд ФГБНУ " (0373100134126000054)
2026-05-27 22:53:21,315 [INFO] main: Stage1 inserted: скор 30, Оказание услуг по оценке технического состояния движимого имущества, находящегос (0172200002026000006)
2026-05-27 22:53:21,624 [INFO] scraper: Ищу 'сканер штрихкода', страница 1 (с 27.04.2026)
2026-05-27 22:53:25,652 [INFO] scraper: Ищу 'сканер штрихкода', страница 2 (с 27.04.2026)
2026-05-27 22:53:25,943 [INFO] scraper: Нет карточек на странице 2 для 'сканер штрихкода'
2026-05-27 22:53:25,946 [INFO] scraper: Найдено 3 закупок по запросу 'сканер штрихкода'
2026-05-27 22:53:26,340 [INFO] database: PostgreSQL pool создан: 1–5 соединений
2026-05-27 22:53:27,610 [INFO] main: Stage1 inserted: скор 33, Закупка сканер ов для считывания штрихкод а для нужд ГБУЗ «ГКБ № 67 им. Л. А. Во (32616042171)
2026-05-27 22:53:28,889 [INFO] main: Stage1 inserted: скор 30, Поставка сканер ов штрихкод ов (0360300008626000202)
2026-05-27 22:53:30,153 [INFO] main: Stage1 inserted: скор 30, Поставка сканер а для считывания штрихкод ов для ГБУЗ "МНПЦ наркологии ДЗМ" (0373200015526000281)
2026-05-27 22:53:30,441 [INFO] scraper: Ищу 'принтер этикеток', страница 1 (с 27.04.2026)
2026-05-27 22:53:34,448 [INFO] scraper: Ищу 'принтер этикеток', страница 2 (с 27.04.2026)
2026-05-27 22:53:34,832 [INFO] scraper: Нет карточек на странице 2 для 'принтер этикеток'
2026-05-27 22:53:34,834 [INFO] scraper: Найдено 5 закупок по запросу 'принтер этикеток'
2026-05-27 22:53:35,235 [INFO] database: PostgreSQL pool создан: 1–5 соединений
2026-05-27 22:53:36,960 [INFO] main: Stage1 inserted: скор 33, Выполнение в сфере информационно-коммуникационных технологий работ по ремонту и  (0118400001726000016)
2026-05-27 22:53:38,658 [INFO] main: Stage1 inserted: скор 32, Создание системы автоматизации инвентаризации на основе РЧ-технологии (0373100030826000087)
2026-05-27 22:53:39,909 [INFO] main: Stage1 unchanged: скор 32, Поставка оборудования для автоматизации процесса инвентаризации для нужд ФГБНУ " (0373100134126000054)
2026-05-27 22:53:41,154 [INFO] main: Stage1 inserted: скор 30, Оказание услуг по комплексному техническому обслуживанию, ремонту и технической  (0373100056826000009)
2026-05-27 22:53:42,421 [INFO] main: Stage1 inserted: скор 30, Поставка этикеток для термо принтер а (0340200003326006118)
2026-05-27 22:53:42,721 [INFO] scraper: Ищу 'сетевое оборудование', страница 1 (с 27.04.2026)
2026-05-27 22:53:46,766 [INFO] scraper: Ищу 'сетевое оборудование', страница 2 (с 27.04.2026)
2026-05-27 22:53:51,402 [INFO] scraper: Найдено 40 закупок по запросу 'сетевое оборудование'
2026-05-27 22:53:51,805 [INFO] database: PostgreSQL pool создан: 1–5 соединений
2026-05-27 22:53:53,084 [INFO] main: Stage1 inserted: скор 31, Установка (монтаж) системы видеоконференцсвязи в административном здании в сфере (0140100007926000013)
2026-05-27 22:53:54,369 [INFO] main: Stage1 inserted: скор 31, Поставка комплектующих для компьютерного и периферийного оборудован ия (0313100008926000020)
2026-05-27 22:53:55,644 [INFO] main: Stage1 inserted: скор 33, Оказание услуг по обращению с утратившим потребительские свойства оборудован ием (0231100000826000114)
2026-05-27 22:53:57,178 [INFO] main: Stage1 inserted: скор 33, Закупка сетев ого и телекоммуникационного оборудован ия, комплектующего оборудов (32616050499)
2026-05-27 22:53:58,689 [INFO] main: Stage1 inserted: скор 33, Поставка сетев ого оборудован ия (коммутатор, маршрутизатор) (0372200155426000081)
2026-05-27 22:54:00,178 [INFO] main: Stage1 inserted: скор 31, Оказание услуг по техническому обслуживанию технических средств защиты в районны (0160100008026000035)
2026-05-27 22:54:01,675 [INFO] main: Stage1 inserted: скор 31, Приобретение оборудован ия для модернизации системы теплоснабжения — здания коте (0133200001726001589)
2026-05-27 22:54:03,177 [INFO] main: Stage1 inserted: скор 32, Услуги по техническому обслуживанию и ремонту технических систем обеспечения без (0342100033826000027)
2026-05-27 22:54:04,484 [INFO] main: Stage1 inserted: скор 32, Услуги по техническому обслуживанию и ремонту технических систем обеспечения без (0342100033826000026)
2026-05-27 22:54:05,732 [INFO] main: Stage1 inserted: скор 31, Поставка оборудован ия электрического для нужд ГКУ «Социальный дом «СОЛНЕЧНЫЙ» (0347000000126000071)
2026-05-27 22:54:06,981 [INFO] main: Stage1 inserted: скор 31, Поставка оборудован ия для модернизации ПС 10/35 кВ Фарада в Кондинском районе (32616018220)
2026-05-27 22:54:08,240 [INFO] main: Stage1 inserted: скор 31, Право заключения договора на разработку РД, выполнение СМР, ПНР с поставкой обор (32616047930)
2026-05-27 22:54:09,489 [INFO] main: Stage1 inserted: скор 31, Поставка оборудован ия в целях модернизации информационно-технологической инфрас (0373100070926000009)
2026-05-27 22:54:10,758 [INFO] main: Stage1 inserted: скор 31, Оказание услуг по ремонту периферийного (офисного) оборудован ия, заправке, восс (0128200000126003244)
2026-05-27 22:54:12,009 [INFO] main: Stage1 inserted: скор 31, Право заключения договора на разработку РД, выполнение СМР, ПНР с поставкой обор (32616047266)
2026-05-27 22:54:13,263 [INFO] main: Stage1 inserted: скор 32, Оказание услуг по техническому сопровождению программно-аппаратного комплекса се (0711200011026000414)
2026-05-27 22:54:14,501 [INFO] main: Stage1 inserted: скор 33, Поставка сетев ого оборудован ия и комплектующих для модернизации компьютерной с (32616044222)
2026-05-27 22:54:15,796 [INFO] main: Stage1 inserted: скор 33, Поставка медицинского оборудован ия - лот 69.1 (0348200081026002483)
2026-05-27 22:54:17,053 [INFO] main: Stage1 inserted: скор 32, Поставка оборудован ия ШРНН (ТЗ ОД-130/25, Одинцовский филиал) (32616045189)
2026-05-27 22:54:18,312 [INFO] main: Stage1 inserted: скор 32, Поставка оборудован ия ЩО-70 (ТЗ ОД-107/25, Одинцовский филиал) (32616045105)
2026-05-27 22:54:19,562 [INFO] main: Stage1 inserted: скор 33, Право заключения договора на поставку пожарного оборудован ия для нужд АО «ЕЭСК» (32616021009)
2026-05-27 22:54:20,865 [INFO] main: Stage1 inserted: скор 33, Оборудован ие для проведения монтажа и обслуживания интегрированной системы безо (0339100009526000009)
2026-05-27 22:54:22,116 [INFO] main: Stage1 inserted: скор 33, Поставка оборудован ия и расходных материалов для телефонии и сетев ой инфрастру (32616043855)
2026-05-27 22:54:23,380 [INFO] main: Stage1 inserted: скор 31, Инженерные изыскания, разработка и согласование проектной (ПД) и рабочей докумен (32616043002)
2026-05-27 22:54:24,632 [INFO] main: Stage1 inserted: скор 32, Лоты 1-5: Выполнение проектно-изыскательских, землеустроительных, строительно-мо (32616024611)
2026-05-27 22:54:25,873 [INFO] main: Stage1 inserted: скор 31, Поставка сетев ого оборудован ия с предоставлением сертификата гарантийного обсл (0148200000526000014)
2026-05-27 22:54:27,173 [INFO] main: Stage1 unchanged: скор 32, Оказание услуг по техническому обслуживанию, ремонту и сопровождению инфраструкт (0187300001226000303)
2026-05-27 22:54:28,472 [INFO] main: Stage1 inserted: скор 30, 26Т0210070.0014. Выполнение инженерных изысканий, разработка проектной и рабочей (32616042630)
2026-05-27 22:54:29,731 [INFO] main: Stage1 inserted: скор 30, 26Т0210070.0016. Выполнение инженерных изысканий, разработка проектной и рабочей (32616042621)
2026-05-27 22:54:30,997 [INFO] main: Stage1 inserted: скор 30, 26Т0210070.0017. Выполнение инженерных изысканий, разработка проектной и рабочей (32616042611)
2026-05-27 22:54:32,256 [INFO] main: Stage1 inserted: скор 30, 26Т0210070.0018. Выполнение инженерных изысканий, разработка проектной и рабочей (32616042603)
2026-05-27 22:54:33,519 [INFO] main: Stage1 inserted: скор 30, 26Т0210070.0019. Выполнение инженерных изысканий, разработка проектной и рабочей (32616042596)
2026-05-27 22:54:34,789 [INFO] main: Stage1 inserted: скор 30, 26Т0210070.0021. Выполнение инженерных изысканий, разработка проектной и рабочей (32616042591)
2026-05-27 22:54:36,057 [INFO] main: Stage1 inserted: скор 30, 26Т0210070.0022. Выполнение инженерных изысканий, разработка проектной и рабочей (32616042584)
2026-05-27 22:54:37,321 [INFO] main: Stage1 inserted: скор 32, Выполнение работ по техническому обслуживанию и регламентно-профилактическому ре (0201100003826000311)
2026-05-27 22:54:38,614 [INFO] main: Stage1 inserted: скор 32, Оказание услуг по ремонту и техническому облуживанию копировальной и печатной те (0319100005526000116)
2026-05-27 22:54:39,902 [INFO] main: Stage1 inserted: скор 33, Выполнение ремонтных работ на трубопроводах, оборудован ии и сооружениях тепловы (32616040665)
2026-05-27 22:54:41,169 [INFO] main: Stage1 inserted: скор 33, Поставка сетев ого и телекоммуникационного оборудован ия (0322300002526000087)
2026-05-27 22:54:42,462 [INFO] main: Stage1 unchanged: скор 32, оказание услуг по обеспечению постгарантийного(негарантийного) ремонта программн (0136100010326000053)
2026-05-27 22:54:43,718 [INFO] main: Stage1 inserted: скор 33, Поставка сетев ого оборудован ия (0366200035626003596)
2026-05-27 22:54:44,005 [INFO] scraper: Ищу 'видеонаблюдение', страница 1 (с 27.04.2026)
2026-05-27 22:54:48,382 [INFO] scraper: Ищу 'видеонаблюдение', страница 2 (с 27.04.2026)
2026-05-27 22:54:52,553 [INFO] scraper: Найдено 40 закупок по запросу 'видеонаблюдение'
2026-05-27 22:54:52,954 [INFO] database: PostgreSQL pool создан: 1–5 соединений
2026-05-27 22:54:54,218 [INFO] main: Stage1 inserted: скор 32, Выполнение работ по разработке проектной документации на устройство системы пожа (0872500002026000017)
2026-05-27 22:54:55,471 [INFO] main: Stage1 inserted: скор 33, Установка системы видеонаблюден ия общежития (4-й и 5-й этаж) с обеспечением арх (0329100012026000022)
2026-05-27 22:54:56,718 [INFO] main: Stage1 inserted: скор 33, Выполнение работ по установке видеонаблюден ия в дер. Сюрье вдоль детской площад (0145600003926000004)
2026-05-27 22:54:57,972 [INFO] main: Stage1 inserted: скор 33, ЭА-№-9122/26 «Монтаж системы видеонаблюден ия» (0119200000126009688)
2026-05-27 22:54:59,279 [INFO] main: Stage1 unchanged: скор 31, Установка (монтаж) системы видеоконференцсвязи в административном здании в сфере (0140100007926000013)
2026-05-27 22:55:00,559 [INFO] main: Stage1 inserted: скор 32, Оказание услуг по техническому обслуживанию и услуг по проведению ремонта с заме (0372200159326000026)
2026-05-27 22:55:01,804 [INFO] main: Stage1 inserted: скор 31, Оказание услуг по созданию систем видеонаблюден ия (0848300057726000138)
2026-05-27 22:55:03,046 [INFO] main: Stage1 inserted: скор 31, Поставка камер видеонаблюден ия (0174500001126003307)
2026-05-27 22:55:04,339 [INFO] main: Stage1 inserted: скор 32, Оказание услуги по техническому обслуживанию системы видеонаблюден ия и дистанци (0159600017226000029)
2026-05-27 22:55:05,593 [INFO] main: Stage1 inserted: скор 33, техническое обслуживание систем видеонаблюден ия (0318300101826000207)
2026-05-27 22:55:06,843 [INFO] main: Stage1 inserted: скор 31, Выполнение работ по монтажу системы видеонаблюден ия (0348300422126000015)
2026-05-27 22:55:08,092 [INFO] main: Stage1 inserted: скор 33, Поставка оборудования технических систем безопасности (запчасти) для нужд судов  (0355100010926000063)
2026-05-27 22:55:09,339 [INFO] main: Stage1 inserted: скор 33, Оборудование систем видеонаблюден ия (не относится к сфере ИКТ) (0340100007626000013)
2026-05-27 22:55:10,602 [INFO] main: Stage1 inserted: скор 33, Оказание услуг по техническому обслуживанию системы видеонаблюден ия в 2026 году (0373200017326000242)
2026-05-27 22:55:11,858 [INFO] main: Stage1 inserted: скор 31, Камера видеонаблюден ия (0306100001326000055)
2026-05-27 22:55:13,114 [INFO] main: Stage1 inserted: скор 31, Поставка камер видеонаблюден ия (0169300000326001276)
2026-05-27 22:55:14,354 [INFO] main: Stage1 inserted: скор 33, Оказание услуг по проведению технического обслуживания и поддержанию в надлежаще (0348200086526000036)
2026-05-27 22:55:15,600 [INFO] main: Stage1 inserted: скор 32, Выполнение работ по монтажу, пуско-наладке и поставке оборудования систем видеон (32616052991)
2026-05-27 22:55:16,882 [INFO] main: Stage1 inserted: скор 31, оказание услуг по ремонту и аварийному восстановлению оборудования правоохраните (0142200001326012105)
2026-05-27 22:55:18,169 [INFO] main: Stage1 inserted: скор 33, Поставка системы видеонаблюден ия для нужд Печорского районного суда Псковской о (0157100004126000083)
2026-05-27 22:55:19,429 [INFO] main: Stage1 inserted: скор 33, Оказание услуг по разработке проектно-сметной документации на оборудование помещ (32616052698)
2026-05-27 22:55:20,775 [INFO] main: Stage1 inserted: скор 31, Поставка оборудования для видеонаблюден ия (32616051712)
2026-05-27 22:55:22,027 [INFO] main: Stage1 inserted: скор 31, Комплектующие системы видеонаблюден ия (0342100028326000045)
2026-05-27 22:55:23,283 [INFO] main: Stage1 inserted: скор 31, Поставка (с установкой) системы видеонаблюден ия для нужд УФНС России по Санкт-П (0172100009226000018)
2026-05-27 22:55:24,554 [INFO] main: Stage1 inserted: скор 33, Поставка и проведение работ по модернизации (дооснащению) системы видеонаблюден  (0387200010826000009)
2026-05-27 22:55:25,802 [INFO] main: Stage1 inserted: скор 30, Поставка мониторов для систем видеонаблюден ия (0339100004426000053)
2026-05-27 22:55:27,075 [INFO] main: Stage1 inserted: скор 31, Поставка, монтаж и наладка комплекса для обеспечения информирования и безопаснос (0187300006526000755)
2026-05-27 22:55:28,375 [INFO] main: Stage1 inserted: скор 31, Выполнение работ по восстановлению работоспособности системы охранного телевиден (0373200138226000424)
2026-05-27 22:55:29,639 [INFO] main: Stage1 inserted: скор 31, Выполнение работ по восстановлению работоспособности системы охранного телевиден (0373200138226000422)
2026-05-27 22:55:30,899 [INFO] main: Stage1 inserted: скор 33, Оказание услуг по техническому обслуживанию и ремонту систем охранной, охранно-п (0144100005126000009)
2026-05-27 22:55:32,173 [INFO] main: Stage1 inserted: скор 32, Поставка системы видеонаблюден ия, монтаж и пусконаладочные работы (0845300007526000002)
2026-05-27 22:55:33,419 [INFO] main: Stage1 inserted: скор 32, Оказание услуг по передаче потокового видео и аудио с управляемых устройств мони (0366200035626003665)
2026-05-27 22:55:34,672 [INFO] main: Stage1 inserted: скор 33, Монтаж системы видеонаблюден ия в здании Управления (32616019168)
2026-05-27 22:55:35,928 [INFO] main: Stage1 inserted: скор 32, Выполнение работ по объекту: 
«Устройство (монтаж) системы видеонаблюден ия здан (0335200014926001976)
2026-05-27 22:55:37,183 [INFO] main: Stage1 inserted: скор 31, Оказание услуг по техническому обслуживанию систем видеонаблюден ия в 2026 г (0817200000326008444)
2026-05-27 22:55:38,454 [INFO] main: Stage1 inserted: скор 32, Поставка и монтаж, включая пусконаладочные работы, инженерно-технических средств (0373100015726000083)
2026-05-27 22:55:39,754 [INFO] main: Stage1 inserted: скор 33, ПИР. Организация системы видеонаблюден ия ПС 110 кВ Коммунальная, ПС 110 кВ Мель (32616021010)
2026-05-27 22:55:41,019 [INFO] main: Stage1 inserted: скор 32, Поставка и монтаж, включая пусконаладочные работы, инженерно-технических средств (0373100015726000085)
2026-05-27 22:55:42,261 [INFO] main: Stage1 inserted: скор 31, Жесткий диск для системы видеонаблюден ия (32616050081)
2026-05-27 22:55:43,531 [INFO] main: Stage1 inserted: скор 31, Оборудование для видеонаблюден ия (32616050077)
2026-05-27 22:55:43,817 [INFO] scraper: Ищу 'СКУД', страница 1 (с 27.04.2026)
2026-05-27 22:55:47,822 [INFO] scraper: Ищу 'СКУД', страница 2 (с 27.04.2026)
2026-05-27 22:55:52,269 [INFO] scraper: Найдено 40 закупок по запросу 'СКУД'
2026-05-27 22:55:52,677 [INFO] database: PostgreSQL pool создан: 1–5 соединений
2026-05-27 22:55:53,952 [INFO] main: Stage1 inserted: скор 31, Поставка автомобилей аварийной службы для нужд ГБУ Северного административного о (32616038431)
2026-05-27 22:55:55,211 [INFO] main: Stage1 inserted: скор 32, Оказание услуг по техническому обслуживанию комплексной системы обеспечения безо (0372200173426000002)
2026-05-27 22:55:56,491 [INFO] main: Stage1 inserted: скор 32, Замена ограждения территории с установкой СКУД на калитках  по адресу: г. Апатит (32616053788)
2026-05-27 22:55:57,747 [INFO] main: Stage1 inserted: скор 33, Оказание услуг по организации и проведению теплоходной экскурсии для жителей Бе  (0373200018826000367)
2026-05-27 22:55:59,009 [INFO] main: Stage1 inserted: скор 31, Оказание услуг по техническому обслуживанию комплексной системы безопасности (0174100000426000010)
2026-05-27 22:56:00,280 [INFO] main: Stage1 inserted: скор 32, Сохранение объекта культурного наследия: разработка проектно-сметной документаци (0372100003426000392)
2026-05-27 22:56:01,528 [INFO] main: Stage1 inserted: скор 33, Техническое обслуживание системы автоматической пожарной сигнализации, системы о (0306200013426000154)
2026-05-27 22:56:02,788 [INFO] main: Stage1 inserted: скор 31, Оказание услуг по техническому обслуживанию системы контроля и управления доступ (0187300014726001110)
2026-05-27 22:56:04,106 [INFO] main: Stage1 inserted: скор 33, Оказание услуг по техническому обслуживанию систем охранного видеонаблюдения, си (0142200001326012051)
2026-05-27 22:56:05,354 [INFO] main: Stage1 inserted: скор 31, Оказание услуг по техническому обслуживанию системы контроля и управления доступ (0187300014726001108)
2026-05-27 22:56:06,600 [INFO] main: Stage1 inserted: скор 31, Оказание услуг по техническому обслуживанию и ремонту систем АПС, СКУД , видеона (0142300027126000057)
2026-05-27 22:56:07,851 [INFO] main: Stage1 inserted: скор 31, Поставка и монтаж турникетов с подключением к системе контроля и управления дост (0373100057826000024)
2026-05-27 22:56:09,121 [INFO] main: Stage1 inserted: скор 33, Оказание услуг по техническому обслуживанию систем охранно-пожарной сигнализации (32616046711)
2026-05-27 22:56:10,356 [INFO] main: Stage1 inserted: скор 31, Оказание услуг по техническому обслуживанию и текущему ремонту систем безопаснос (0301100003526000028)
2026-05-27 22:56:11,608 [INFO] main: Stage1 inserted: скор 33, 156_Поставка комплектующих и расходных материалов для текущего ремонта и восстан (32616045264)
2026-05-27 22:56:12,873 [INFO] main: Stage1 inserted: скор 33, Закупка оборудования системы контроля управления доступом ( СКУД ) для администр (0321100031826000018)
2026-05-27 22:56:14,114 [INFO] main: Stage1 inserted: скор 32, ТЗ 18 СЭБ Поставка оборудования для систем контроля и управления доступом ( СКУД (32616041841)
2026-05-27 22:56:15,391 [INFO] main: Stage1 inserted: скор 31, Выполнение работ по установке  системы видеонаблюдения и СКУД в здании МАОУ "МОЛ (32616015878)
2026-05-27 22:56:16,695 [INFO] main: Stage1 inserted: скор 31, Оказание услуг по перевозке групп детей (0373200627626000006)
2026-05-27 22:56:17,961 [INFO] main: Stage1 inserted: скор 32, Установка турникетов типа «скоростной проход» и системы контроля управления дост (32616041228)
2026-05-27 22:56:19,223 [INFO] main: Stage1 inserted: скор 31, Выполнение работ по установке противопожарной двери в помещение охраны со СКУД в (32616040892)
2026-05-27 22:56:20,487 [INFO] main: Stage1 inserted: скор 32, Оказание услуг по разработке проектно-сметной документации на системы АПС (автом (32616039654)
2026-05-27 22:56:21,744 [INFO] main: Stage1 inserted: скор 31, Установка системы СКУД (видеодомофон) на объекте государственного бюджетного учр (0318200028326000011)
2026-05-27 22:56:23,002 [INFO] main: Stage1 inserted: скор 31, Установка системы СКУД (видеодомофон) на объекте государственного бюджетного учр (0318200028326000010)
2026-05-27 22:56:24,273 [INFO] main: Stage1 inserted: скор 33, Выполнение работ по восстановлению работоспособности системы СКУД и созданию еди (0373200018826000360)
2026-05-27 22:56:25,529 [INFO] main: Stage1 inserted: скор 31, Оказание по техническому обслуживанию и аварийному ремонту системы контроля упра (0190300004626000129)
2026-05-27 22:56:26,781 [INFO] main: Stage1 inserted: скор 33, Выполнение работ по текущему системы контроля и управления доступом ( СКУД ) в 2 (0142200001326011868)
2026-05-27 22:56:28,114 [INFO] main: Stage1 inserted: скор 31, Размещение некапитального быстровозводимого сооружения "Контрольно-пропускной пу (0516100000126000010)
2026-05-27 22:56:29,389 [INFO] main: Stage1 inserted: скор 31, Монтаж системы СКУД в здании МОАУ "ООШ № 14" по адресу: г. Оренбург, ул. Гастелл (32616038629)
2026-05-27 22:56:30,638 [INFO] main: Stage1 inserted: скор 31, Выполнение работ по замене комплексной системы безопасности (системы автоматичес (0124100003226000021)
2026-05-27 22:56:31,890 [INFO] main: Stage1 inserted: скор 31, право заключения договора  на разработку РД, СМР, ПНР, поставку  МТРиО по инвест (32616037745)
2026-05-27 22:56:33,144 [INFO] main: Stage1 inserted: скор 31, Выполнение работ по текущему ремонту системы контроля управления доступом ( СКУД (0372100003426000373)
2026-05-27 22:56:34,404 [INFO] main: Stage1 inserted: скор 32, Поставка, монтаж, настройка и ввод в эксплуатацию комплекса IP-видеонаблюдения,  (0172400001126000089)
2026-05-27 22:56:35,660 [INFO] main: Stage1 inserted: скор 31, Разработка рабочей документации для оснащения 4 объектов транспортной инфраструк (0372200290026000056)
2026-05-27 22:56:36,921 [INFO] main: Stage1 inserted: скор 33, 161_Поставка аккумуляторов для АПС, СОУЭ, СКУД , систем видеонаблюдения для нужд (32616036009)
2026-05-27 22:56:38,204 [INFO] main: Stage1 inserted: скор 32, Выполнение работ по модернизации систем контроля и учета доступа сотрудников на  (0373200086726000429)
2026-05-27 22:56:39,500 [INFO] main: Stage1 inserted: скор 30, Монтаж СКУД в здании администрации Чесменского м.о. ул.Советская д.47 (0169300033426000048)
2026-05-27 22:56:40,758 [INFO] main: Stage1 inserted: скор 32, Поставка системы контроля и управления доступом ( СКУД ) с монтажом в здании Сах (0116100002526000015)
2026-05-27 22:56:42,037 [INFO] main: Stage1 inserted: скор 33, Обеспечение антитеррористической защищенности объекта МБДОУ "Детский сад №1 с. А (0891200000626005734)
2026-05-27 22:56:43,315 [INFO] main: Stage1 inserted: скор 31, Выполнение работ по монтажу и пуско-наладке систем контроля и управления доступо (0373100072126000830)
2026-05-27 22:56:43,605 [INFO] scraper: ОКПД2 ['62.01', '62.02', '62.09', '63.11'], страница 1 (с 27.04.2026)
2026-05-27 22:56:47,454 [INFO] scraper: ОКПД2 ['62.01', '62.02', '62.09', '63.11'], страница 2 (с 27.04.2026)
2026-05-27 22:56:51,896 [INFO] scraper: ОКПД2 ['62.01', '62.02', '62.09', '63.11'] → 40 закупок
2026-05-27 22:56:52,317 [INFO] database: PostgreSQL pool создан: 1–5 соединений
2026-05-27 22:56:53,583 [INFO] main: Stage1 inserted: скор 30, Поставка средств индивидуальной защиты (СИЗ) (32616054359)
2026-05-27 22:56:54,826 [INFO] main: Stage1 inserted: скор 31, Поставка кухонного инвентаря (32616054338)
2026-05-27 22:56:56,085 [INFO] main: Stage1 inserted: скор 31, Оказание услуг по поставке товара (32616054575)
2026-05-27 22:56:57,355 [INFO] main: Stage1 inserted: скор 30, Поставка изделий медицинского назначения (салфетка спиртовая) (32616054524)
2026-05-27 22:56:58,604 [INFO] main: Stage1 inserted: скор 29, Поставка изделий медицинского назначения (32616054511)
2026-05-27 22:56:59,867 [INFO] main: Stage1 inserted: скор 31, Поставка хозяйственных товаров - 2 (32616054545)
2026-05-27 22:57:01,121 [INFO] main: Stage1 inserted: скор 30, Поставка средств индивидуальной защиты (32616054555)
2026-05-27 22:57:02,387 [INFO] main: Stage1 inserted: скор 30, Поставка запорно-регулирующей арматуры (32616054246)
2026-05-27 22:57:03,697 [INFO] main: Stage1 inserted: скор 30, Капитальный ремонт по замене металлической дымовой трубы котельной № 2 и окраске (32616053863)
2026-05-27 22:57:04,980 [INFO] main: Stage1 inserted: скор 30, Поставка продуктов питания (овощи) (32616054465)
2026-05-27 22:57:06,239 [INFO] main: Stage1 inserted: скор 30, Закупка № 223/028-2026 на право заключения договора на поставку реактивов для ну (32616028452)
2026-05-27 22:57:07,481 [INFO] main: Stage1 inserted: скор 29, Закупка № 223/029-2026 на право заключения договора на поставку реактивов для ну (32616028453)
2026-05-27 22:57:08,737 [INFO] main: Stage1 inserted: скор 31, Капитальный ремонт кровли на котельной "Авиационная". (32616053686)
2026-05-27 22:57:09,981 [INFO] main: Stage1 inserted: скор 29, Лекарственный препарат Карбоплатин (32616054541)
2026-05-27 22:57:11,241 [INFO] main: Stage1 inserted: скор 29, Выполнение работ по удалению деревьев с вывозом (32616054438)
2026-05-27 22:57:12,515 [INFO] main: Stage1 inserted: скор 29, Закупка № 223/030-2026 на право заключения договора на поставку реактивов для ну (32616028454)
2026-05-27 22:57:13,751 [INFO] main: Stage1 inserted: скор 30, Оказание услуг по приему, вывозу и утилизации отходов класса Б (0371300029026000123)
2026-05-27 22:57:15,262 [INFO] main: Stage1 inserted: скор 30, Капитальный ремонт участков  золошлакопровода линий «А» и «Б»  котельной № 1 (32616053551)
2026-05-27 22:57:16,555 [INFO] main: Stage1 inserted: скор 30, Поставка реагентов для автоматического анализатора MAGLUMI 800 (0325200000626000221)
2026-05-27 22:57:18,168 [INFO] main: Stage1 inserted: скор 31, Изготовление и поставка папок универсальных  с логотипом Минобрнауки России (0373100128326000054)
2026-05-27 22:57:19,433 [INFO] main: Stage1 inserted: скор 31, Создание новой экспозиции в Ивангородском филиале ГБУК ЛО «Музейное агентство» - (0345200006126000014)
2026-05-27 22:57:20,685 [INFO] main: Stage1 inserted: скор 31, Поставка рукавов высокого давления (32616053984)
2026-05-27 22:57:21,944 [INFO] main: Stage1 inserted: скор 29, Термометры (32616051523)
2026-05-27 22:57:23,645 [INFO] main: Stage1 inserted: скор 29, Поставка соли, сахара (32616054557)
2026-05-27 22:57:25,032 [INFO] main: Stage1 inserted: скор 30, ОА.26/96 Оказание услуг по адаптации и сопровождению экземпляра Систем Консульта (0373100074526000135)
2026-05-27 22:57:26,294 [INFO] main: Stage1 inserted: скор 30, Создание новой экспозиции в Ивангородском филиале ГБУК ЛО «Музейное агентство» - (0345200006126000013)
2026-05-27 22:57:27,541 [INFO] main: Stage1 inserted: скор 29, Поставка весов для нужд ветеринарной лаборатории ГБУ ЛО "СББЖ Лужского района" (0345200005526000020)
2026-05-27 22:57:28,831 [INFO] main: Stage1 inserted: скор 30, Услуги по управлению автотранспортными средствами категории «B» и «D», включающи (0373100123826000023)
2026-05-27 22:57:30,084 [INFO] main: Stage1 inserted: скор 30, Поставка постельных принадлежностей для нужд АО «Якутскгеология» (32616053927)
2026-05-27 22:57:31,343 [INFO] main: Stage1 inserted: скор 30, Поставка основных средств для нужд ЛОГБУ "ЛО МРЦ" в 2026 году. (0345200006326000049)
2026-05-27 22:57:32,620 [INFO] main: Stage1 inserted: скор 29, Оказание услуг по застройке постоянной экспозиции усадьбы А.Н. Островского, по а (0373100047526000018)
2026-05-27 22:57:33,871 [INFO] main: Stage1 inserted: скор 31, Расходные материалы (Урология и Хирургия) (2) (0348300053626000124)
2026-05-27 22:57:35,118 [INFO] main: Stage1 inserted: скор 30, Осуществление закупки на оказание услуг по аренде рентгеновской трубки с установ (32616054570)
2026-05-27 22:57:36,364 [INFO] main: Stage1 inserted: скор 29,  (0372100001026000271)
2026-05-27 22:57:37,605 [INFO] main: Stage1 inserted: скор 29, Поставка ванн моечных и котлов пищеварочных для пищеблока в учреждения, подведом (32616054568)
2026-05-27 22:57:38,857 [INFO] main: Stage1 inserted: скор 31, Замена водопроводной сети по ул. Ленина, д. № 35в в п. Дунай, ЗАТО Фокино (32616053320)
2026-05-27 22:57:40,157 [INFO] main: Stage1 inserted: скор 27,  (1055200000126000045)
2026-05-27 22:57:41,419 [INFO] main: Stage1 inserted: скор 30, Поставка реагентов для биохимического анализатора Accent-200 (32616054171)
2026-05-27 22:57:42,652 [INFO] main: Stage1 inserted: скор 30, Поставка лекарственного(-ых) препарата(-ов) для медицинского применения (Олапари (0863500000626001394)
2026-05-27 22:57:43,893 [INFO] main: Stage1 inserted: скор 31, Поставка лекарственного(-ых) препарата(-ов) для медицинского применения (Виланте (0863500000626001393)
2026-05-27 22:57:43,894 [INFO] main: ОКПД2-канал добавил 40 новых тендеров
2026-05-27 22:57:44,180 [INFO] main: Этап 1 завершён: найдено 248, кандидатов на этап 2: 248
2026-05-27 22:57:44,468 [INFO] main: ══════════════════════════════════════════════════
2026-05-27 22:57:44,469 [INFO] main: Этап 2: детальный анализ документов
2026-05-27 22:57:45,164 [INFO] main: Кандидатов на детальный анализ: 20
2026-05-27 22:57:45,392 [INFO] main: Stage2 8-фильтровый скор 34/GO: Оказание услуг по передаче (продлению) неисключительных лицензионных прав на использование (0320300000326000030)
2026-05-27 22:57:45,399 [WARNING] notifier: Telegram не настроен (нет токена или chat_id)
2026-05-27 22:57:47,417 [INFO] main: Stage2 8-фильтровый скор 34/GO: Услуги по предоставлению лицензий на право использовать компьютерное программное обеспечен (0335300000226000309)
2026-05-27 22:57:47,418 [WARNING] notifier: Telegram не настроен (нет токена или chat_id)
2026-05-27 22:57:49,726 [INFO] main: Stage2 8-фильтровый скор 34/GO: оказание услуг по предоставлению неисключительных прав (лицензии) на использование програм (0809500000326001969)
2026-05-27 22:57:49,726 [WARNING] notifier: Telegram не настроен (нет токена или chat_id)
2026-05-27 22:57:51,757 [INFO] main: Stage2 8-фильтровый скор 34/GO: Поставка неисключительного права на использование лицензии 1С- Битрикс24 .Энтерпрайз (0335200007526000054)
2026-05-27 22:57:51,758 [WARNING] notifier: Telegram не настроен (нет токена или chat_id)
2026-05-27 22:57:53,790 [INFO] main: Stage2 8-фильтровый скор 34/GO: Оказание услуг по поставке лицензии на использование (простую неисключительную лицензию) п (0118300013326000763)
2026-05-27 22:57:53,791 [WARNING] notifier: Telegram не настроен (нет токена или chat_id)
2026-05-27 22:57:56,060 [INFO] main: Stage2 8-фильтровый скор 33/GO: Обеспечение антитеррористической защищенности объекта МБДОУ "Детский сад №1 с. Акша" по ад (0891200000626005734)
2026-05-27 22:57:56,060 [WARNING] notifier: Telegram не настроен (нет токена или chat_id)
2026-05-27 22:57:58,092 [INFO] main: Stage2 8-фильтровый скор 33/GO: Техническое обслуживание системы автоматической пожарной сигнализации, системы оповещения  (0306200013426000154)
2026-05-27 22:57:58,092 [WARNING] notifier: Telegram не настроен (нет токена или chat_id)
2026-05-27 22:58:00,467 [INFO] main: Stage2 8-фильтровый скор 34/GO: Установка системы видеонаблюден ия общежития (4-й и 5-й этаж) с обеспечением архива видеои (0329100012026000022)
2026-05-27 22:58:00,467 [WARNING] notifier: Telegram не настроен (нет токена или chat_id)
2026-05-27 22:58:02,654 [INFO] main: Stage2 8-фильтровый скор 33/GO: Закупка оборудования системы контроля управления доступом ( СКУД ) для административного з (0321100031826000018)
2026-05-27 22:58:02,654 [WARNING] notifier: Telegram не настроен (нет токена или chat_id)
2026-05-27 22:58:04,676 [INFO] main: Stage2 8-фильтровый скор 34/GO: Поставка медицинского оборудован ия - лот 69.1 (0348200081026002483)
2026-05-27 22:58:04,676 [WARNING] notifier: Telegram не настроен (нет токена или chat_id)
2026-05-27 22:58:09,729 [INFO] main: Stage2 8-фильтровый скор 34/GO: ПИР. Организация системы видеонаблюден ия ПС 110 кВ Коммунальная, ПС 110 кВ Мельниково, РП (32616021010)
2026-05-27 22:58:09,729 [WARNING] notifier: Telegram не настроен (нет токена или chat_id)
2026-05-27 22:58:11,773 [INFO] main: Stage2 8-фильтровый скор 33/GO: Поставка системы видеонаблюден ия для нужд Печорского районного суда Псковской области (0157100004126000083)
2026-05-27 22:58:11,773 [WARNING] notifier: Telegram не настроен (нет токена или chat_id)
2026-05-27 22:58:15,511 [INFO] main: Stage2 8-фильтровый скор 33/GO: Поставка оборудован ия и расходных материалов для телефонии и сетев ой инфраструктуры с мо (32616043855)
2026-05-27 22:58:15,511 [WARNING] notifier: Telegram не настроен (нет токена или chat_id)
2026-05-27 22:58:17,611 [INFO] main: Stage2 8-фильтровый скор 33/GO: Оборудован ие для проведения монтажа и обслуживания интегрированной системы безопасности (0339100009526000009)
2026-05-27 22:58:17,611 [WARNING] notifier: Telegram не настроен (нет токена или chat_id)
2026-05-27 22:58:21,354 [INFO] main: Stage2 8-фильтровый скор 34/GO: Выполнение ремонтных работ на трубопроводах, оборудован ии и сооружениях тепловых сетей в  (32616040665)
2026-05-27 22:58:21,355 [WARNING] notifier: Telegram не настроен (нет токена или chat_id)
2026-05-27 22:58:25,241 [INFO] main: Stage2 8-фильтровый скор 34/GO: Оказание услуг по техническому обслуживанию систем охранно-пожарной сигнализации, установо (32616046711)
2026-05-27 22:58:25,241 [WARNING] notifier: Telegram не настроен (нет токена или chat_id)
2026-05-27 22:58:27,261 [INFO] main: Stage2 8-фильтровый скор 34/GO: Оборудование систем видеонаблюден ия (не относится к сфере ИКТ) (0340100007626000013)
2026-05-27 22:58:27,262 [WARNING] notifier: Telegram не настроен (нет токена или chat_id)
2026-05-27 22:58:29,299 [INFO] main: Stage2 8-фильтровый скор 33/GO: Поставка сетев ого оборудован ия (коммутатор, маршрутизатор) (0372200155426000081)
2026-05-27 22:58:29,299 [WARNING] notifier: Telegram не настроен (нет токена или chat_id)
2026-05-27 22:58:31,368 [INFO] main: Stage2 8-фильтровый скор 33/GO: Выполнение работ по восстановлению работоспособности системы СКУД и созданию единой систем (0373200018826000360)
2026-05-27 22:58:31,369 [WARNING] notifier: Telegram не настроен (нет токена или chat_id)
2026-05-27 22:58:33,539 [INFO] main: Stage2 8-фильтровый скор 34/GO: Поставка термина ла сбор а дан ных (0190200000326006299)
2026-05-27 22:58:33,539 [WARNING] notifier: Telegram не настроен (нет токена или chat_id)
2026-05-27 22:58:35,390 [INFO] main: Этап 2 завершён: обработано 20, отправлено 0
2026-05-27 22:58:36,203 [INFO] main: Статистика: всего 248, primary-кандидатов 248, детально проверено 20, отправлено 0
2026-05-28 23:01:06,688 [INFO] main: ══════════════════════════════════════════════════
2026-05-28 23:01:06,689 [INFO] main: Этап 1: поиск карточек (1 ключей, цена 123–456 ₽, 7 дн., 44-ФЗ=False, 223-ФЗ=True, ОКПД2=True)
2026-05-28 23:01:06,689 [INFO] main: ОКПД2-канал добавил 0 новых тендеров
2026-05-28 23:01:06,689 [INFO] main: Этап 1 завершён: найдено 0, кандидатов на этап 2: 0
2026-05-29 21:47:07,511 [INFO] database: PostgreSQL pool создан: 1–5 соединений
2026-05-29 21:47:13,156 [INFO] main: ══════════════════════════════════════════════════
2026-05-29 21:47:13,157 [INFO] main: Этап 1: поиск карточек (20 ключей, цена 200,000–5,000,000 ₽, 30 дн., 44-ФЗ=True, 223-ФЗ=True, ОКПД2=True)
2026-05-29 21:47:13,158 [INFO] scraper: Ищу '1С-Битрикс', страница 1 (с 29.04.2026)
2026-05-29 21:48:18,325 [INFO] database: PostgreSQL pool создан: 1–5 соединений
2026-05-29 21:48:22,132 [INFO] main: ══════════════════════════════════════════════════
2026-05-29 21:48:22,132 [INFO] main: Этап 1: поиск карточек (20 ключей, цена 200,000–5,000,000 ₽, 30 дн., 44-ФЗ=True, 223-ФЗ=True, ОКПД2=True)
2026-05-29 21:48:22,132 [INFO] scraper: Ищу '1С-Битрикс', страница 1 (с 29.04.2026)
2026-05-29 21:48:26,291 [INFO] scraper: Ищу '1С-Битрикс', страница 2 (с 29.04.2026)
2026-05-29 21:48:27,294 [INFO] scraper: Нет карточек на странице 2 для '1С-Битрикс'
2026-05-29 21:48:27,296 [INFO] scraper: Найдено 5 закупок по запросу '1С-Битрикс'
2026-05-29 21:48:27,709 [INFO] database: PostgreSQL pool создан: 1–5 соединений
2026-05-29 21:48:31,633 [INFO] main: Stage1 inserted: скор 33, Оказание услуг по поставке лицензии на использование (простой неисключительной л (0118300013326000795)
2026-05-29 21:48:33,607 [INFO] main: Stage1 updated: скор 33, Оказание услуг по модернизации, миграции, настройке и техническому сопровождению (0387200025226000014)
2026-05-29 21:48:35,539 [INFO] main: Stage1 updated: скор 32, Услуги по предоставлению лицензий на право использовать компьютерное программное (0335300000226000310)
2026-05-29 21:48:37,468 [INFO] main: Stage1 updated: скор 34, Оказание услуг по передаче (продлению) неисключительных лицензионных прав на исп (0320300000326000030)
2026-05-29 21:48:39,385 [INFO] main: Stage1 updated: скор 30, зз-0016-04257 - 2026 Оказание услуг по продлению неисключительных прав (лицензий (0813500000126009628)
2026-05-29 21:48:39,667 [INFO] scraper: Ищу 'Битрикс24', страница 1 (с 29.04.2026)
2026-05-29 21:48:44,494 [INFO] scraper: Ищу 'Битрикс24', страница 2 (с 29.04.2026)
2026-05-29 21:48:44,842 [INFO] scraper: Нет карточек на странице 2 для 'Битрикс24'
2026-05-29 21:48:44,845 [INFO] scraper: Найдено 9 закупок по запросу 'Битрикс24'
2026-05-29 21:48:45,237 [INFO] database: PostgreSQL pool создан: 1–5 соединений
2026-05-29 21:48:47,065 [INFO] main: Stage1 inserted: скор 32, Оказание услуг по продлению неисключительных прав использования программного обе (32616062627)
2026-05-29 21:48:48,884 [INFO] main: Stage1 inserted: скор 34, Предоставление прав использования программного обеспечения функциональности «Лич (0895100000126000860)
2026-05-29 21:48:50,813 [INFO] main: Stage1 updated: скор 33, Оказание услуг по поставке лицензии на использование (простой неисключительной л (0118300013326000795)
2026-05-29 21:48:52,734 [INFO] main: Stage1 updated: скор 34, оказание услуг по предоставлению неисключительных прав (лицензии) на использован (0809500000326001969)
2026-05-29 21:48:54,655 [INFO] main: Stage1 updated: скор 34, Услуги по предоставлению лицензий на право использовать компьютерное программное (0335300000226000309)
2026-05-29 21:48:56,583 [INFO] main: Stage1 updated: скор 34, Поставка неисключительного права на использование лицензии 1С- Битрикс24 .Энтерп (0335200007526000054)
2026-05-29 21:48:58,556 [INFO] main: Stage1 updated: скор 34, Оказание услуг по поставке лицензии на использование (простую неисключительную л (0118300013326000763)
2026-05-29 21:49:00,480 [INFO] main: Stage1 updated: скор 32, Оказание услуг по поставке сертификата "1С- Битрикс24 . Маркетплейс" (подписка " (0118300013326000760)
2026-05-29 21:49:02,400 [INFO] main: Stage1 unchanged: скор 34, Оказание услуг по передаче (продлению) неисключительных лицензионных прав на исп (0320300000326000030)
2026-05-29 21:49:02,687 [INFO] scraper: Ищу 'Bitrix', страница 1 (с 29.04.2026)
2026-05-29 21:49:02,997 [INFO] scraper: Нет карточек на странице 1 для 'Bitrix'
2026-05-29 21:49:02,999 [INFO] scraper: Найдено 0 закупок по запросу 'Bitrix'
2026-05-29 21:49:03,394 [INFO] database: PostgreSQL pool создан: 1–5 соединений
2026-05-29 21:49:03,681 [INFO] scraper: Ищу 'сопровождение сайта', страница 1 (с 29.04.2026)
2026-05-29 21:49:07,286 [INFO] scraper: Ищу 'сопровождение сайта', страница 2 (с 29.04.2026)
2026-05-29 21:49:07,643 [INFO] scraper: Нет карточек на странице 2 для 'сопровождение сайта'
2026-05-29 21:49:07,645 [INFO] scraper: Найдено 3 закупок по запросу 'сопровождение сайта'
2026-05-29 21:49:08,042 [INFO] database: PostgreSQL pool создан: 1–5 соединений
2026-05-29 21:49:09,993 [INFO] main: Stage1 updated: скор 33, Оказание услуг по техническому и консультационному сопровожден ию интернет-порта (0318500001226000005)
2026-05-29 21:49:11,928 [INFO] main: Stage1 updated: скор 32, Оказание услуг по модернизации, миграции, настройке и техническому сопровожден и (0387200025226000014)
2026-05-29 21:49:13,905 [INFO] main: Stage1 updated: скор 31, Оказание услуг по сопровожден ию и хостингу официального интернет- сайт а ФССП Р (0173100012626000045)
2026-05-29 21:49:14,190 [INFO] scraper: Ищу 'доработка сайта', страница 1 (с 29.04.2026)
2026-05-29 21:49:18,225 [INFO] scraper: Ищу 'доработка сайта', страница 2 (с 29.04.2026)
2026-05-29 21:49:18,757 [INFO] scraper: Нет карточек на странице 2 для 'доработка сайта'
2026-05-29 21:49:18,761 [INFO] scraper: Найдено 3 закупок по запросу 'доработка сайта'
2026-05-29 21:49:19,158 [INFO] database: PostgreSQL pool создан: 1–5 соединений
2026-05-29 21:49:20,997 [INFO] main: Stage1 inserted: скор 31, Оказание услуг по доработк е сайт а «Ямолод.курс» в рамках реализации программы  (32616055557)
2026-05-29 21:49:22,977 [INFO] main: Stage1 updated: скор 31, на право заключения договора на оказание услуг по доработк е сайт а АО «МАШ», те (32616054490)
2026-05-29 21:49:24,883 [INFO] main: Stage1 updated: скор 31, Оказание услуг по сопровождению и хостингу официального интернет- сайт а ФССП Ро (0173100012626000045)
2026-05-29 21:49:25,167 [INFO] scraper: Ищу 'техническая поддержка сайта', страница 1 (с 29.04.2026)
2026-05-29 21:49:28,861 [INFO] scraper: Ищу 'техническая поддержка сайта', страница 2 (с 29.04.2026)
2026-05-29 21:49:29,214 [INFO] scraper: Нет карточек на странице 2 для 'техническая поддержка сайта'
2026-05-29 21:49:29,217 [INFO] scraper: Найдено 7 закупок по запросу 'техническая поддержка сайта'
2026-05-29 21:49:29,618 [INFO] database: PostgreSQL pool создан: 1–5 соединений
2026-05-29 21:49:31,761 [INFO] main: Stage1 inserted: скор 31, Оказание услуг по обеспечению эксплуатации официального сайт а Федерального казн (0895100000126000856)
2026-05-29 21:49:33,674 [INFO] main: Stage1 updated: скор 31, на право заключения договора на оказание услуг по доработке сайт а АО «МАШ», тех (32616054490)
2026-05-29 21:49:35,606 [INFO] main: Stage1 updated: скор 32, Оказание услуг по разработке, техническ ой поддержк е и обслуживанию туристско-и (0376300000126000193)
2026-05-29 21:49:37,558 [INFO] main: Stage1 updated: скор 33, Услуги по техническ ой поддержк е информационных технологий в 2026 году (0358300409226000025)
2026-05-29 21:49:39,488 [INFO] main: Stage1 updated: скор 31, Услуги по обеспечению безопасности информации государственной информационной сис (0173100003526000043)
2026-05-29 21:49:41,332 [INFO] main: Stage1 unchanged: скор 31, Оказание услуг по сопровождению и хостингу официального интернет- сайт а ФССП Ро (0173100012626000045)
2026-05-29 21:49:43,261 [INFO] main: Stage1 updated: скор 31, Оказание услуг по техническ ой поддержк е официального сайт а администрации феде (0881500000126000025)
2026-05-29 21:49:43,551 [INFO] scraper: Ищу 'модернизация сайта', страница 1 (с 29.04.2026)
2026-05-29 21:49:47,492 [INFO] scraper: Ищу 'модернизация сайта', страница 2 (с 29.04.2026)
2026-05-29 21:49:47,862 [INFO] scraper: Нет карточек на странице 2 для 'модернизация сайта'
2026-05-29 21:49:47,864 [INFO] scraper: Найдено 6 закупок по запросу 'модернизация сайта'
2026-05-29 21:49:48,331 [INFO] database: PostgreSQL pool создан: 1–5 соединений
2026-05-29 21:49:50,240 [INFO] main: Stage1 inserted: скор 32, Оказание услуг по модернизац ии информационного ресурса - официального сайт а Ни (0187300010326000316)
2026-05-29 21:49:52,090 [INFO] main: Stage1 inserted: скор 31, Оказание услуг по модернизац ии и разработке нового модуля в рамках развития Еди (0145600006926000176)
2026-05-29 21:49:54,021 [INFO] main: Stage1 updated: скор 31, Оказание услуг по модернизац ии, миграции, настройке и техническому сопровождени (0387200025226000014)
2026-05-29 21:49:55,850 [INFO] main: Stage1 inserted: скор 30, Запрос цен по результатам предварительного отбора на право заключения рамочных с (32616050116)
2026-05-29 21:49:57,787 [INFO] main: Stage1 updated: скор 30, Оказание услуг по модернизац ии официального сайт а Федеральной службы по надзор (0173100005026000009)
2026-05-29 21:49:59,771 [INFO] main: Stage1 updated: скор 32, Оказание услуг по модернизац ии сайт а проекта  «Зимний университет» (32616043193)
2026-05-29 21:50:00,061 [INFO] scraper: Ищу 'администрирование сайта', страница 1 (с 29.04.2026)
2026-05-29 21:50:03,668 [INFO] scraper: Ищу 'администрирование сайта', страница 2 (с 29.04.2026)
2026-05-29 21:50:03,989 [INFO] scraper: Нет карточек на странице 2 для 'администрирование сайта'
2026-05-29 21:50:03,995 [INFO] scraper: Найдено 1 закупок по запросу 'администрирование сайта'
2026-05-29 21:50:04,400 [INFO] database: PostgreSQL pool создан: 1–5 соединений
2026-05-29 21:50:06,288 [INFO] main: Stage1 unchanged: скор 30, Услуги по обеспечению безопасности информации государственной информационной сис (0173100003526000043)
2026-05-29 21:50:06,573 [INFO] scraper: Ищу 'интеграция с 1С', страница 1 (с 29.04.2026)
2026-05-29 21:50:10,890 [INFO] scraper: Ищу 'интеграция с 1С', страница 2 (с 29.04.2026)
2026-05-29 21:50:11,233 [INFO] scraper: Нет карточек на странице 2 для 'интеграция с 1С'
2026-05-29 21:50:11,236 [INFO] scraper: Найдено 3 закупок по запросу 'интеграция с 1С'
2026-05-29 21:50:11,640 [INFO] database: PostgreSQL pool создан: 1–5 соединений
2026-05-29 21:50:13,576 [INFO] main: Stage1 updated: скор 34, Оказание услуг по обновлению и сопровождению программных продуктов «1С: Колледж  (0372200034826000037)
2026-05-29 21:50:15,526 [INFO] main: Stage1 updated: скор 33, Оказание услуг по разработке, модификации и сопровождению медицинской информацио (0373100091426000622)
2026-05-29 21:50:17,454 [INFO] main: Stage1 updated: скор 32, Оказание услуг по предоставлению неисключительных прав на программное обеспечени (0372200121326000068)
2026-05-29 21:50:17,740 [INFO] scraper: Ищу 'интеграция 1С', страница 1 (с 29.04.2026)
2026-05-29 21:50:22,035 [INFO] scraper: Ищу 'интеграция 1С', страница 2 (с 29.04.2026)
2026-05-29 21:50:22,479 [INFO] scraper: Нет карточек на странице 2 для 'интеграция 1С'
2026-05-29 21:50:22,481 [INFO] scraper: Найдено 3 закупок по запросу 'интеграция 1С'
2026-05-29 21:50:22,872 [INFO] database: PostgreSQL pool создан: 1–5 соединений
2026-05-29 21:50:24,728 [INFO] main: Stage1 unchanged: скор 32, Оказание услуг по обновлению и сопровождению программных продуктов «1С: Колледж  (0372200034826000037)
2026-05-29 21:50:26,550 [INFO] main: Stage1 unchanged: скор 31, Оказание услуг по разработке, модификации и сопровождению медицинской информацио (0373100091426000622)
2026-05-29 21:50:28,379 [INFO] main: Stage1 unchanged: скор 30, Оказание услуг по предоставлению неисключительных прав на программное обеспечени (0372200121326000068)
2026-05-29 21:50:28,666 [INFO] scraper: Ищу 'администрирование сервера', страница 1 (с 29.04.2026)
2026-05-29 21:50:33,001 [INFO] scraper: Ищу 'администрирование сервера', страница 2 (с 29.04.2026)
2026-05-29 21:50:33,313 [INFO] scraper: Нет карточек на странице 2 для 'администрирование сервера'
2026-05-29 21:50:33,315 [INFO] scraper: Найдено 5 закупок по запросу 'администрирование сервера'
2026-05-29 21:50:33,705 [INFO] database: PostgreSQL pool создан: 1–5 соединений
2026-05-29 21:50:35,838 [INFO] main: Stage1 inserted: скор 32, Приобретение сервер ного оборудования (0332100010626000011)
2026-05-29 21:50:37,766 [INFO] main: Stage1 updated: скор 32, Оказание услуг по техническому обслуживанию, ремонту и сопровождению инфраструкт (0187300001226000303)
2026-05-29 21:50:39,616 [INFO] main: Stage1 unchanged: скор 31, Услуги по обеспечению безопасности информации государственной информационной сис (0173100003526000043)
2026-05-29 21:50:41,551 [INFO] main: Stage1 updated: скор 30, Оказание услуг по сопровождению прикладного программного обеспечения для нужд Го (0142200001326011575)
2026-05-29 21:50:43,497 [INFO] main: Stage1 updated: скор 31, Оказание услуг по сопровождению, информационно-технической поддержке и обеспечен (0372100005626000040)
2026-05-29 21:50:43,799 [INFO] scraper: Ищу 'резервное копирование', страница 1 (с 29.04.2026)
2026-05-29 21:50:47,550 [INFO] scraper: Ищу 'резервное копирование', страница 2 (с 29.04.2026)
2026-05-29 21:50:47,930 [INFO] scraper: Нет карточек на странице 2 для 'резервное копирование'
2026-05-29 21:50:47,933 [INFO] scraper: Найдено 12 закупок по запросу 'резервное копирование'
2026-05-29 21:50:48,338 [INFO] database: PostgreSQL pool создан: 1–5 соединений
2026-05-29 21:50:50,185 [INFO] main: Stage1 inserted: скор 31, Поставка Программно-Аппаратного Комплекса мониторинга и резервн ого копирован ия (0372100001026000274)
2026-05-29 21:50:52,019 [INFO] main: Stage1 inserted: скор 32, Поставка серверного программно-аппаратного комплекса для выделенного контура ГИС (0173100011926000045)
2026-05-29 21:50:53,924 [INFO] main: Stage1 inserted: скор 33, Оказание услуг по техническому обслуживанию и ремонту средств печатной техники (0373100109126000011)
2026-05-29 21:50:55,844 [INFO] main: Stage1 updated: скор 32, Выполнение работ по модернизации серверной инфраструктуры системы резервн ого ко (32616047636)
2026-05-29 21:50:57,777 [INFO] main: Stage1 updated: скор 31, Оказание услуг по регламентному техническому обслуживанию системы пожарной автом (0145200000426000860)
2026-05-29 21:50:59,596 [INFO] main: Stage1 unchanged: скор 32, Оказание услуг по техническому обслуживанию, ремонту и сопровождению инфраструкт (0187300001226000303)
2026-05-29 21:51:01,531 [INFO] main: Stage1 updated: скор 30, Оказание услуг по сопровождению государственной информационной системы Ленинград (0145200000426000849)
2026-05-29 21:51:03,463 [INFO] main: Stage1 updated: скор 31, Поставка лицензионного программного обеспечения для ЭВМ для нужд ФГБОУ ВО БГМУ М (0301100049626000785)
2026-05-29 21:51:05,343 [INFO] main: Stage1 inserted: скор 32, Право заключения соглашений об участии в запросах цен на предоставление лицензий (32616028139)
2026-05-29 21:51:07,267 [INFO] main: Stage1 updated: скор 31, Определение исполнителя на поставку сертификатов технической поддержки отечестве (32616027515)
2026-05-29 21:51:09,202 [INFO] main: Stage1 updated: скор 30, На  оказание  услуг по  предоставлению  сертификатов  технической поддержки прог (0174500001126003019)
2026-05-29 21:51:11,117 [INFO] main: Stage1 updated: скор 29, Оказание услуг по сопровождению государственной информационной системы Санкт-Пет (0372200278526000036)
2026-05-29 21:51:11,407 [INFO] scraper: Ищу 'техническое сопровождение информационной системы', страница 1 (с 29.04.2026)
2026-05-29 21:51:15,822 [INFO] scraper: Ищу 'техническое сопровождение информационной системы', страница 2 (с 29.04.2026)
2026-05-29 21:51:19,564 [INFO] scraper: Найдено 40 закупок по запросу 'техническое сопровождение информационной системы'
2026-05-29 21:51:19,973 [INFO] database: PostgreSQL pool создан: 1–5 соединений
2026-05-29 21:51:21,947 [INFO] main: Stage1 updated: скор 29, Оказание услуг по информацион ному обслуживанию и техническ ому сопровожден ию с (0157200000326000582)
2026-05-29 21:51:23,778 [INFO] main: Stage1 inserted: скор 31, Оказание услуг по техническ ому сопровожден ию пользователей при эксплуатации ме (0304300062826000003)
2026-05-29 21:51:25,610 [INFO] main: Stage1 inserted: скор 29, Сопровожден ие информацион но-программных средств Транспортной технологической п (0173100015226000004)
2026-05-29 21:51:27,460 [INFO] main: Stage1 inserted: скор 29, Оказание услуг по техническ ой поддержке и сопровожден ию Под систем ы лаборатор (32616061950)
2026-05-29 21:51:29,300 [INFO] main: Stage1 inserted: скор 30, Поставка отечественных книжных печатных изданий (0372100000526000068)
2026-05-29 21:51:31,131 [INFO] main: Stage1 inserted: скор 29, Оказание услуг по программному сопровожден ию ( техническ ой поддержке) Медицинс (0352300082826000031)
2026-05-29 21:51:32,953 [INFO] main: Stage1 inserted: скор 30, Поставка программного обеспечения (операционные систем ы) и сертификатов на сопр (0173100005126000019)
2026-05-29 21:51:34,768 [INFO] main: Stage1 inserted: скор 28, Оказание услуг по техническ ому сопровожден ию, мониторингу и выявлению инцидент (0173100008526000022)
2026-05-29 21:51:36,916 [INFO] main: Stage1 inserted: скор 29, Оказание комплексных услуг по техническ ой поддержке и систем ному сопровожден и (0173200001426000973)
2026-05-29 21:51:38,747 [INFO] main: Stage1 inserted: скор 30, (635-2026) Оказание услуг по прикладному администрированию, поддержке пользовате (0273000000126000792)
2026-05-29 21:51:40,553 [INFO] main: Stage1 inserted: скор 29, Услуги по техническ ой поддержке информацион ных технологий ( сопровожден ие гос (0121200004726000649)
2026-05-29 21:51:42,366 [INFO] main: Stage1 inserted: скор 31, Оказание услуг по адаптации и сопровожден ию экземпляров Систем КонсультантПлюс, (0848200000126000001)
2026-05-29 21:51:44,199 [INFO] main: Stage1 inserted: скор 29, Оказание услуг по сопровожден ию «Платформы вертикально интегрированных медицинс (0373100014626000088)
2026-05-29 21:51:45,999 [INFO] main: Stage1 inserted: скор 28, Выполнение работ (оказание услуг) по приведению в соответствие требованиям по за (0173100011926000043)
2026-05-29 21:51:47,821 [INFO] main: Stage1 inserted: скор 30, Услуги в области информацион ных технологий прочие и компьютерные услуги (0804200000126000191)
2026-05-29 21:51:49,639 [INFO] main: Stage1 inserted: скор 30, Оказание услуг по адаптации и сопровожден ию экземпляров Систем КонсультантПлюс  (0120300006726000060)
2026-05-29 21:51:51,564 [INFO] main: Stage1 inserted: скор 29, Оказание услуг по сопровожден ию медицинской информацион ной систем ы (МИС) в ра (0354300059926000065)
2026-05-29 21:51:53,379 [INFO] main: Stage1 inserted: скор 30, Оказание услуг по техническ ой поддержке и сопровожден ию программного обеспечен (0102200001626001410)
2026-05-29 21:51:55,206 [INFO] main: Stage1 inserted: скор 29, Оказание услуг информацион но- техническ ого сопровожден ия систем эпидемиологич (0301200052126000340)
2026-05-29 21:51:57,029 [INFO] main: Stage1 inserted: скор 29, Оказание услуг по техническ ому сопровожден ию компонентов Регионального сегмент (0123200000326000994)
2026-05-29 21:51:58,852 [INFO] main: Stage1 inserted: скор 29, услуги по информацион но- техническ ому сопровожден ию систем ы Госзаказ для нуж (0388100000926000012)
2026-05-29 21:52:00,682 [INFO] main: Stage1 inserted: скор 28, Оказание услуг по сопровожден ию под систем ы «Питание в ОО» государственной инф (0148200000926000001)
2026-05-29 21:52:02,505 [INFO] main: Stage1 inserted: скор 29, Оказание услуг по сопровожден ию и эксплуатации Единой информацион ной систем ы  (0356500001426004709)
2026-05-29 21:52:04,352 [INFO] main: Stage1 inserted: скор 31, Поставка книг (0335200002426000004)
2026-05-29 21:52:06,243 [INFO] main: Stage1 inserted: скор 29, Оказание услуг по сопровожден ию государственной информацион ной систем ы Москов (0848200000226000010)
2026-05-29 21:52:08,127 [INFO] main: Stage1 inserted: скор 29, Оказание услуг по информацион но-технологическому сопровожден ию МП «Маггортранс (32616057117)
2026-05-29 21:52:09,972 [INFO] main: Stage1 inserted: скор 30, Оказание услуг по обеспечению эксплуатации автоматизированной систем ы управлени (0845200000526000018)
2026-05-29 21:52:11,799 [INFO] main: Stage1 inserted: скор 31, Оказание услуг по сопровожден ию автоматизированной информацион ной систем ы "Го (0108500000426003244)
2026-05-29 21:52:13,645 [INFO] main: Stage1 inserted: скор 29, Оказание услуг по техническ ому сопровожден ию региональной медицинской информац (0152200004726000360)
2026-05-29 21:52:15,485 [INFO] main: Stage1 inserted: скор 29, Оказание услуг по организации и функционированию многоуровневой службы техническ (0173100005126000016)
2026-05-29 21:52:17,427 [INFO] main: Stage1 updated: скор 29, Оказание услуг по передаче простой (неисключительной) лицензии на продление прав (0318200068126000175)
2026-05-29 21:52:19,265 [INFO] main: Stage1 inserted: скор 31, Услуги по техническ ой поддержке и сопровожден ию программы для ЭВМ «Медицинская (0320300150426000137)
2026-05-29 21:52:21,089 [INFO] main: Stage1 inserted: скор 30, № 100 оказание услуг по сопровожден ию и техническ ой поддержке информацион ной  (32616035494)
2026-05-29 21:52:22,961 [INFO] main: Stage1 inserted: скор 29, Определение исполнителя на оказание услуг по сопровожден ию информацион ной сист (32616053326)
2026-05-29 21:52:24,940 [INFO] main: Stage1 updated: скор 29, Оказание услуг по сопровожден ию систем ы электронного документооборота в админи (0118300013326000793)
2026-05-29 21:52:26,859 [INFO] main: Stage1 updated: скор 30, Оказание услуг по комплексному обеспечению сетевой связанности и сопровожден ию  (0845200000426000022)
2026-05-29 21:52:28,778 [INFO] main: Stage1 updated: скор 29, Оказание комплексных услуг по техническ ой поддержке и систем ному сопровожден и (0373200640926000021)
2026-05-29 21:52:30,702 [INFO] main: Stage1 updated: скор 31, Оказание услуг по сопровожден ию и техническ ой поддержке государственной информ (0325200023226000001)
2026-05-29 21:52:32,631 [INFO] main: Stage1 updated: скор 31, Услуга по информацион но- техническ ому сопровожден ию гео информацион ной систе (0321300001126000261)
2026-05-29 21:52:34,604 [INFO] main: Stage1 updated: скор 31, Электронный аукцион на право заключения контракта на оказание услуг по комплексн (0373200126226000025)
2026-05-29 21:52:34,890 [INFO] scraper: Ищу 'личный кабинет', страница 1 (с 29.04.2026)
2026-05-29 21:52:39,010 [INFO] scraper: Ищу 'личный кабинет', страница 2 (с 29.04.2026)
2026-05-29 21:52:39,327 [INFO] scraper: Нет карточек на странице 2 для 'личный кабинет'
2026-05-29 21:52:39,335 [INFO] scraper: Найдено 9 закупок по запросу 'личный кабинет'
2026-05-29 21:52:39,738 [INFO] database: PostgreSQL pool создан: 1–5 соединений
2026-05-29 21:52:41,990 [INFO] main: Stage1 inserted: скор 33, Право заключения договора на оказание услуг по адаптации и настройке системы «До (32616049193)
2026-05-29 21:52:43,912 [INFO] main: Stage1 updated: скор 34, Предоставление прав использования программного обеспечения функциональности « Ли (0895100000126000860)
2026-05-29 21:52:45,731 [INFO] main: Stage1 inserted: скор 33, Предоставление прав на средства защиты информации для информационных систем для  (32616061411)
2026-05-29 21:52:47,693 [INFO] main: Stage1 updated: скор 31, Оказание услуг по организации и функционированию многоуровневой службы техническ (0173100005126000016)
2026-05-29 21:52:49,578 [INFO] main: Stage1 inserted: скор 31, Оказание комплекса услуг по сопровождению действующего программного продукта "ФГ (32616050770)
2026-05-29 21:52:51,543 [INFO] main: Stage1 updated: скор 33, Поставка литературы (0122300006126000659)
2026-05-29 21:52:53,558 [INFO] main: Stage1 updated: скор 32, Предварительный квалификационный отбор по направлению деятельности «Разработка в (32616044998)
2026-05-29 21:52:55,586 [INFO] main: Stage1 updated: скор 29, Оказание услуг по организации и проведению приемной кампании «АБИТУРИЕНТ-2026» (0187200001726000624)
2026-05-29 21:52:57,503 [INFO] main: Stage1 updated: скор 32, Оказание услуг по модернизации программно-информационного комплекса «Управление  (2045500000126000178)
2026-05-29 21:52:57,803 [INFO] scraper: Ищу 'терминал сбора данных', страница 1 (с 29.04.2026)
2026-05-29 21:53:02,472 [INFO] scraper: Ищу 'терминал сбора данных', страница 2 (с 29.04.2026)
2026-05-29 21:53:02,867 [INFO] scraper: Нет карточек на странице 2 для 'терминал сбора данных'
2026-05-29 21:53:02,870 [INFO] scraper: Найдено 11 закупок по запросу 'терминал сбора данных'
2026-05-29 21:53:03,302 [INFO] database: PostgreSQL pool создан: 1–5 соединений
2026-05-29 21:53:05,198 [INFO] main: Stage1 inserted: скор 32, Поставка термина лов сбор а дан ных (0322200001226001050)
2026-05-29 21:53:07,027 [INFO] main: Stage1 inserted: скор 33, Поставка термина ла сбор а дан ных (32616056189)
2026-05-29 21:53:08,944 [INFO] main: Stage1 updated: скор 31, Термина л сбор а дан ных (0375200031526000124)
2026-05-29 21:53:10,881 [INFO] main: Stage1 updated: скор 33, Поставка термина ла сбор а дан ных (0190200000326006299)
2026-05-29 21:53:12,874 [INFO] main: Stage1 updated: скор 32, Поставка термина лов сбор а дан ных (0322200001226001030)
2026-05-29 21:53:14,818 [INFO] main: Stage1 updated: скор 31, Поставка комплектующих для ремонта средств вычислительной техники УФНС России по (0152100004426000014)
2026-05-29 21:53:16,750 [INFO] main: Stage1 updated: скор 33, Оказание услуг  по ремонту и обслуживанию средств вычислительной техники и печат (0310100006726000012)
2026-05-29 21:53:18,753 [INFO] main: Stage1 updated: скор 32, оказание услуг по обеспечению постгарантийного(негарантийного) ремонта программн (0136100010326000053)
2026-05-29 21:53:20,750 [INFO] main: Stage1 updated: скор 31, Ремонт программно-технических средств, восстановление ресурсных характеристик пе (0111100008426000039)
2026-05-29 21:53:22,717 [INFO] main: Stage1 updated: скор 31, Поставка оборудования для автоматизации процесса инвентаризации для нужд ФГБНУ " (0373100134126000054)
2026-05-29 21:53:24,630 [INFO] main: Stage1 updated: скор 29, Оказание услуг по оценке технического состояния движимого имущества, находящегос (0172200002026000006)
2026-05-29 21:53:24,920 [INFO] scraper: Ищу 'сканер штрихкода', страница 1 (с 29.04.2026)
2026-05-29 21:53:28,694 [INFO] scraper: Ищу 'сканер штрихкода', страница 2 (с 29.04.2026)
2026-05-29 21:53:29,034 [INFO] scraper: Нет карточек на странице 2 для 'сканер штрихкода'
2026-05-29 21:53:29,037 [INFO] scraper: Найдено 3 закупок по запросу 'сканер штрихкода'
2026-05-29 21:53:29,442 [INFO] database: PostgreSQL pool создан: 1–5 соединений
2026-05-29 21:53:33,239 [INFO] main: Stage1 updated: скор 33, Закупка сканер ов для считывания штрихкод а для нужд ГБУЗ «ГКБ № 67 им. Л. А. Во (32616042171)
2026-05-29 21:53:35,215 [INFO] main: Stage1 updated: скор 29, Поставка сканер ов штрихкод ов (0360300008626000202)
2026-05-29 21:53:37,139 [INFO] main: Stage1 updated: скор 29, Поставка сканер а для считывания штрихкод ов для ГБУЗ "МНПЦ наркологии ДЗМ" (0373200015526000281)
2026-05-29 21:53:37,452 [INFO] scraper: Ищу 'принтер этикеток', страница 1 (с 29.04.2026)
2026-05-29 21:53:41,682 [INFO] scraper: Ищу 'принтер этикеток', страница 2 (с 29.04.2026)
2026-05-29 21:53:41,986 [INFO] scraper: Нет карточек на странице 2 для 'принтер этикеток'
2026-05-29 21:53:41,988 [INFO] scraper: Найдено 6 закупок по запросу 'принтер этикеток'
2026-05-29 21:53:42,380 [INFO] database: PostgreSQL pool создан: 1–5 соединений
2026-05-29 21:53:44,513 [INFO] main: Stage1 inserted: скор 31, Оказание Услуг по техническому обслуживанию и ремонту принтер ов, многофункциона (0832100004626000094)
2026-05-29 21:53:46,427 [INFO] main: Stage1 updated: скор 33, Выполнение в сфере информационно-коммуникационных технологий работ по ремонту и  (0118400001726000016)
2026-05-29 21:53:48,401 [INFO] main: Stage1 updated: скор 32, Создание системы автоматизации инвентаризации на основе РЧ-технологии (0373100030826000087)
2026-05-29 21:53:50,306 [INFO] main: Stage1 unchanged: скор 31, Поставка оборудования для автоматизации процесса инвентаризации для нужд ФГБНУ " (0373100134126000054)
2026-05-29 21:53:52,243 [INFO] main: Stage1 updated: скор 29, Оказание услуг по комплексному техническому обслуживанию, ремонту и технической  (0373100056826000009)
2026-05-29 21:53:54,162 [INFO] main: Stage1 updated: скор 29, Поставка этикеток для термо принтер а (0340200003326006118)
2026-05-29 21:53:54,448 [INFO] scraper: Ищу 'сетевое оборудование', страница 1 (с 29.04.2026)
2026-05-29 21:53:58,966 [INFO] scraper: Ищу 'сетевое оборудование', страница 2 (с 29.04.2026)
2026-05-29 21:54:03,265 [INFO] scraper: Найдено 40 закупок по запросу 'сетевое оборудование'
2026-05-29 21:54:03,666 [INFO] database: PostgreSQL pool создан: 1–5 соединений
2026-05-29 21:54:05,590 [INFO] main: Stage1 inserted: скор 32, Лот №1: Строительно-монтажных, пусконаладочных работ, поставку оборудован ия по  (32616063159)
2026-05-29 21:54:07,646 [INFO] main: Stage1 updated: скор 33, Поставка сетев ого оборудован ия (коммутатор, маршрутизатор) (0372200155426000081)
2026-05-29 21:54:09,539 [INFO] main: Stage1 inserted: скор 31, Выполнение строительно-монтажных, пуско-наладочных работ, поставка оборудован ия (32616062938)
2026-05-29 21:54:11,374 [INFO] main: Stage1 inserted: скор 31, Периферийное оборудован ие для компьютера (0368200000926000076)
2026-05-29 21:54:13,241 [INFO] main: Stage1 inserted: скор 31, Выполнение аварийно-восстановительных работ на электро оборудован ии ПС 110/10 к (32616065467)
2026-05-29 21:54:15,059 [INFO] main: Stage1 inserted: скор 31, Выполнение строительно-монтажных, пусконаладочных работ, поставки оборудован ия  (32616062393)
2026-05-29 21:54:16,888 [INFO] main: Stage1 inserted: скор 31, право заключения договора на разработку РД, выполнение СМР, ПНР с поставкой обор (32616065056)
2026-05-29 21:54:18,713 [INFO] main: Stage1 inserted: скор 32, Поставка сетев ого оборудован ия (32616062518)
2026-05-29 21:54:20,585 [INFO] main: Stage1 inserted: скор 31, Поставка активного сетев ого оборудован ия (в сфере ИКТ) (0215100000426000135)
2026-05-29 21:54:22,411 [INFO] main: Stage1 inserted: скор 32, Поставка трактора Беларус МТЗ 82.1 с навесным оборудован ием (32616062336)
2026-05-29 21:54:24,231 [INFO] main: Stage1 inserted: скор 31, 26Т0210020.0008. Выполнение инженерных изысканий, разработка проектной и рабочей (32615964692)
2026-05-29 21:54:26,062 [INFO] main: Stage1 inserted: скор 32, Лот №1 - «Оказание услуг по обеспечению единства измерений: проведение поверки ( (32616061639)
2026-05-29 21:54:27,915 [INFO] main: Stage1 inserted: скор 31, право заключения договора на выполнение работ по разработке ПД, РД, СМР, ПНР, по (32616064372)
2026-05-29 21:54:29,758 [INFO] main: Stage1 inserted: скор 31, Право заключения рамочного договора подряда на выполнение проектно-изыскательски (32616064330)
2026-05-29 21:54:31,675 [INFO] main: Stage1 inserted: скор 32, Поставка сетев ого оборудован ия (средства проводной связи (IP-телефоны) (0373400004926000013)
2026-05-29 21:54:33,569 [INFO] main: Stage1 inserted: скор 32, На право заключения рамочного соглашения на выполнение проектно-изыскательских р (32616063996)
2026-05-29 21:54:35,455 [INFO] main: Stage1 inserted: скор 33, Оказание услуг по техническому обслуживанию газовой котельной и надземного газоп (0332100006526000070)
2026-05-29 21:54:37,284 [INFO] main: Stage1 inserted: скор 32, Поставка оборудован ия для создания единой беспроводной инфраструктуры Wifi, с в (0374400000426000031)
2026-05-29 21:54:39,144 [INFO] main: Stage1 inserted: скор 32, Оказание услуг по диагностике и настройке сетев ого оборудован ия (0362100032526000005)
2026-05-29 21:54:40,961 [INFO] main: Stage1 inserted: скор 31, Поставка звукового оборудован ия с целью обновления и дооснащения звукового обор (0373100099326000004)
2026-05-29 21:54:42,839 [INFO] main: Stage1 inserted: скор 31, 26Т0210020.0007. Выполнение инженерных изысканий, разработка проектной и рабочей (32615964687)
2026-05-29 21:54:45,079 [INFO] main: Stage1 inserted: скор 31, 26Т0210020.0005. Выполнение инженерных изысканий, разработка проектной и рабочей (32615964680)
2026-05-29 21:54:46,933 [INFO] main: Stage1 inserted: скор 31, 26Т0210020.0004. Выполнение инженерных изысканий, разработка проектной и рабочей (32615964668)
2026-05-29 21:54:48,764 [INFO] main: Stage1 inserted: скор 33, Поставка сетев ого оборудован ия для нужд ГАУ МО "Цифровой центр Минсоцразвития" (32616063301)
2026-05-29 21:54:50,642 [INFO] main: Stage1 inserted: скор 32, Поставка программно-аппаратных комплексов (ПАК) меж сетев ого экранирования, сер (32616062850)
2026-05-29 21:54:52,732 [INFO] main: Stage1 updated: скор 31, 26Т0210070.0014. Выполнение инженерных изысканий, разработка проектной и рабочей (32616042630)
2026-05-29 21:54:54,955 [INFO] main: Stage1 updated: скор 31, 26Т0210070.0016. Выполнение инженерных изысканий, разработка проектной и рабочей (32616042621)
2026-05-29 21:54:56,917 [INFO] main: Stage1 updated: скор 31, 26Т0210070.0017. Выполнение инженерных изысканий, разработка проектной и рабочей (32616042611)
2026-05-29 21:54:58,920 [INFO] main: Stage1 updated: скор 31, 26Т0210070.0018. Выполнение инженерных изысканий, разработка проектной и рабочей (32616042603)
2026-05-29 21:55:00,926 [INFO] main: Stage1 updated: скор 31, 26Т0210070.0019. Выполнение инженерных изысканий, разработка проектной и рабочей (32616042596)
2026-05-29 21:55:02,921 [INFO] main: Stage1 updated: скор 31, 26Т0210070.0021. Выполнение инженерных изысканий, разработка проектной и рабочей (32616042591)
2026-05-29 21:55:06,092 [INFO] main: Stage1 updated: скор 31, 26Т0210070.0022. Выполнение инженерных изысканий, разработка проектной и рабочей (32616042584)
2026-05-29 21:55:07,970 [INFO] main: Stage1 inserted: скор 31, 26Т0210070.0015. Выполнение инженерных изысканий, разработка проектной и рабочей (32616062387)
2026-05-29 21:55:09,847 [INFO] main: Stage1 inserted: скор 31, оказание услуг по техническому обслуживанию объектов правоохранительного сегмент (0142200001326012266)
2026-05-29 21:55:11,703 [INFO] main: Stage1 inserted: скор 33, Оказание услуг по техническому обслуживанию оборудован ия систем охранного видео (0121100006826000058)
2026-05-29 21:55:13,556 [INFO] main: Stage1 inserted: скор 31, Поставка измерительного инструмента и сварочного оборудован ия для ремонтных раб (0573500000126000129)
2026-05-29 21:55:15,401 [INFO] main: Stage1 inserted: скор 31, Поставка дополнительного оборудован ия для прибора энергетика многофункционально (32616060926)
2026-05-29 21:55:17,235 [INFO] main: Stage1 inserted: скор 32, Поставка оборудован ия ИТ-инфраструктуры (Аппаратно-программных комплексов шифро (32616061582)
2026-05-29 21:55:19,051 [INFO] main: Stage1 inserted: скор 31, Поставка сетев ого оборудован ия к персональному компьютеру для нужд Министерств (0816500000626009593)
2026-05-29 21:55:20,879 [INFO] main: Stage1 inserted: скор 32, Оборудован ие для охранного телевидения. (0353100012226000003)
2026-05-29 21:55:21,167 [INFO] scraper: Ищу 'видеонаблюдение', страница 1 (с 29.04.2026)
2026-05-29 21:55:25,184 [INFO] scraper: Ищу 'видеонаблюдение', страница 2 (с 29.04.2026)
2026-05-29 21:55:29,116 [INFO] scraper: Найдено 40 закупок по запросу 'видеонаблюдение'
2026-05-29 21:55:29,530 [INFO] database: PostgreSQL pool создан: 1–5 соединений
2026-05-29 21:55:31,400 [INFO] main: Stage1 inserted: скор 31, Проведение монтажных и пуско-наладочных работ в рамках капитального ремонта сист (0373100095226000480)
2026-05-29 21:55:33,230 [INFO] main: Stage1 inserted: скор 31,  (1005200000226000012)
2026-05-29 21:55:35,054 [INFO] main: Stage1 inserted: скор 34, Оказание услуг по техническому обслуживанию оборудования интегрированной системы (32616065116)
2026-05-29 21:55:37,021 [INFO] main: Stage1 inserted: скор 31, Выполнение работ по дооснащению комплексными системами безопасности объекта «Уни (0372100000226000039)
2026-05-29 21:55:38,850 [INFO] main: Stage1 inserted: скор 32, Оказание услуг по техническому обслуживанию и планово-предупредительному ремонту (32616065849)
2026-05-29 21:55:40,681 [INFO] main: Stage1 inserted: скор 32, Выполнение работ по монтажу камер видеонаблюден ия в ГБПОУ ТК № 34 (0373200124426000016)
2026-05-29 21:55:42,477 [INFO] main: Stage1 inserted: скор 31, Выполнение монтажных работ на дооснащение объектов учреждения средствами и систе (0372200072026000002)
2026-05-29 21:55:44,334 [INFO] main: Stage1 inserted: скор 33, Выполнение работ по капитальному ремонту системы видеонаблюден ия в здании МОУ " (0830500000226001530)
2026-05-29 21:55:46,540 [INFO] main: Stage1 inserted: скор 33, Поставка оборудования, инструментов и расходных материалов для технического обсл (32616064222)
2026-05-29 21:55:48,382 [INFO] main: Stage1 inserted: скор 33, Оказание услуг по техническому обслуживанию, аварийному и планово-предупредитель (0166300024726000703)
2026-05-29 21:55:50,226 [INFO] main: Stage1 inserted: скор 31, Выполнение работ по ремонту системы технологического видеонаблюден ия за сценой (0372200060026000018)
2026-05-29 21:55:52,078 [INFO] main: Stage1 inserted: скор 30, Поставка уличной камеры видеонаблюден ия (32616062509)
2026-05-29 21:55:53,921 [INFO] main: Stage1 inserted: скор 32, Оказание услуг по поставке и выполнению монтажных и пусконаладочных работ систем (32616065445)
2026-05-29 21:55:55,754 [INFO] main: Stage1 inserted: скор 31, Выполнение монтажных и пуско-наладочных работ по техническому перевооружению ТСО (32616062306)
2026-05-29 21:55:57,597 [INFO] main: Stage1 inserted: скор 32, Закупка системы видеонаблюден ия (0373100007826000006)
2026-05-29 21:55:59,953 [INFO] main: Stage1 inserted: скор 31, Поставка систем видеонаблюден ия, контроля и управления доступом и оповещения в  (0128100000426000007)
2026-05-29 21:56:02,950 [INFO] main: Stage1 inserted: скор 31, Выполнение работ по капительному ремонту объекта: "Капительный ремонт номерного  (0373100108126000202)
2026-05-29 21:56:04,822 [INFO] main: Stage1 inserted: скор 32, Монтаж системы видеонаблюден ия на территории ГБСУСОН «Балахоновский психоневрол (32616011612)
2026-05-29 21:56:06,661 [INFO] main: Stage1 inserted: скор 31, Выполнение работ по установке недостающих инженерно-технических средств обеспече (0187200001726000683)
2026-05-29 21:56:08,481 [INFO] main: Stage1 inserted: скор 31, Проведение работ по сохранению объекта культурного наследия федерального значени (0360100017126000009)
2026-05-29 21:56:10,316 [INFO] main: Stage1 inserted: скор 32, Благоустройство части территории на Аллее Боевой Славы по ул. Короткова г. Гульк (0118300000626000156)
2026-05-29 21:56:12,169 [INFO] main: Stage1 inserted: скор 31, Поставка камер видеонаблюден ия для системы видеонаблюден ия (не в сфере ИКТ) (0254100000126000119)
2026-05-29 21:56:13,993 [INFO] main: Stage1 inserted: скор 33, Выполнение работ по монтажу дополнительного оборудования системы видеонаблюден и (0356500001426004762)
2026-05-29 21:56:15,842 [INFO] main: Stage1 inserted: скор 33, Капитальный ремонт системы видеонаблюден ия в отделе по Индустриальному району т (0156200001526000033)
2026-05-29 21:56:17,817 [INFO] main: Stage1 updated: скор 31, Поставка (с установкой) системы видеонаблюден ия для нужд УФНС России по Санкт-П (0172100009226000018)
2026-05-29 21:56:19,724 [INFO] main: Stage1 inserted: скор 32, Выполнение работ по монтажу системы видеонаблюден ия в подразделениях Главного у (0369100043126000027)
2026-05-29 21:56:21,575 [INFO] main: Stage1 inserted: скор 31, Оказание услуг по обслуживанию и ремонту видеокамер наружного наблюдения в г. Ка (0152600027926000008)
2026-05-29 21:56:23,404 [INFO] main: Stage1 inserted: скор 31, Выполнение работ по капитальному ремонту административного здания расположенного (0187300010326000315)
2026-05-29 21:56:25,272 [INFO] main: Stage1 inserted: скор 31, Приобретение прочих основных средств (Камера видеонаблюден ия) (0869200000226004720)
2026-05-29 21:56:27,122 [INFO] main: Stage1 inserted: скор 32, Оказание услуг по техническому обслуживанию комплексных систем безопасности Сове (0373200017326000245)
2026-05-29 21:56:29,045 [INFO] main: Stage1 updated: скор 31, Поставка камер видеонаблюден ия (0169300000326001276)
2026-05-29 21:56:30,864 [INFO] main: Stage1 inserted: скор 32, Выполнение работ по монтажу оборудования охранной системы видеонаблюден ия и дем (32616063507)
2026-05-29 21:56:32,686 [INFO] main: Stage1 inserted: скор 32, Выполнение работ по замене системы видеонаблюден ия ГБДОУ  Детский сад № 5 Адмир (0372200268726000003)
2026-05-29 21:56:34,562 [INFO] main: Stage1 inserted: скор 32, Оказание услуг по предоставлению видеоизображения с камер подъездного видеонаблю (0848300048726000293)
2026-05-29 21:56:36,420 [INFO] main: Stage1 inserted: скор 31, Выполнение работ по оснащению объектов транспортной инфраструктуры техническими  (0121200004726000651)
2026-05-29 21:56:38,299 [INFO] main: Stage1 inserted: скор 31, Оказание услуг по техническому обслуживанию системы видеонаблюден ия для нужд фи (32616063182)
2026-05-29 21:56:40,170 [INFO] main: Stage1 inserted: скор 32, Поставка и установка оборудования для систем видеонаблюден ия (0144100000226000064)
2026-05-29 21:56:42,010 [INFO] main: Stage1 inserted: скор 33, Оказание услуг по разработке проектно-сметной документации "Система охранного ви (32616020807)
2026-05-29 21:56:43,836 [INFO] main: Stage1 inserted: скор 31, Поставка материалов для модернизации системы видеонаблюден ия. (0108500000426003267)
2026-05-29 21:56:45,678 [INFO] main: Stage1 inserted: скор 32, Поставка комплектов систем видеонаблюден ия за лесом (0817200000326008650)
2026-05-29 21:56:45,970 [INFO] scraper: Ищу 'СКУД', страница 1 (с 29.04.2026)
2026-05-29 21:56:49,959 [INFO] scraper: Ищу 'СКУД', страница 2 (с 29.04.2026)
2026-05-29 21:56:54,676 [INFO] scraper: Найдено 40 закупок по запросу 'СКУД'
2026-05-29 21:56:55,161 [INFO] database: PostgreSQL pool создан: 1–5 соединений
2026-05-29 21:56:57,410 [INFO] main: Stage1 updated: скор 33, Оказание услуг по техническому обслуживанию оборудования интегрированной системы (32616065116)
2026-05-29 21:56:59,255 [INFO] main: Stage1 inserted: скор 31, Выполнение работ по монтажу системы контроля и управления доступом ( СКУД ) на о (0373100036826000008)
2026-05-29 21:57:01,091 [INFO] main: Stage1 inserted: скор 33, Монтаж СКУД на объекте "Государственное бюджетное стационарное учреждение социал (32616064639)
2026-05-29 21:57:02,926 [INFO] main: Stage1 inserted: скор 31, Оказание услуг по техническому обслуживанию системы контроля доступа ( СКУД ) дл (32616063156)
2026-05-29 21:57:04,762 [INFO] main: Stage1 inserted: скор 33, Поставка и монтаж системы контроля и управления доступом ( СКУД ) (0272100000426000039)
2026-05-29 21:57:06,591 [INFO] main: Stage1 inserted: скор 31, Право заключения договора на поставку, монтаж и подключение оборудования системы (32616062497)
2026-05-29 21:57:08,399 [INFO] main: Stage1 unchanged: скор 31, оказание услуг по техническому обслуживанию объектов правоохранительного сегмент (0142200001326012266)
2026-05-29 21:57:10,331 [INFO] main: Stage1 updated: скор 33, 156_Поставка комплектующих и расходных материалов для текущего ремонта и восстан (32616045264)
2026-05-29 21:57:12,195 [INFO] main: Stage1 inserted: скор 31, Капитальный ремонт систем автоматической пожарной сигнализации (АПС), оповещения (0311100007526000052)
2026-05-29 21:57:14,169 [INFO] main: Stage1 updated: скор 31, Выполнение работ по замене комплексной системы безопасности (системы автоматичес (0124100003226000021)
2026-05-29 21:57:15,997 [INFO] main: Stage1 inserted: скор 32, Выполнение комплекса работ по разработке и проведению государственной историко-к (0372200271826000005)
2026-05-29 21:57:17,991 [INFO] main: Stage1 inserted: скор 31, Оказание услуг по проведению мероприятий по антитеррористической защищённости в  (0348100004526000048)
2026-05-29 21:57:19,823 [INFO] main: Stage1 inserted: скор 32, Приобретение и монтаж систем обеспечения безопасности для зданий районных судов  (0126100003326000054)
2026-05-29 21:57:21,649 [INFO] main: Stage1 inserted: скор 32, Оказание услуг по монтажу системы контроля и управлением доступом ( СКУД ) в зда (0373100063926000004)
2026-05-29 21:57:23,529 [INFO] main: Stage1 inserted: скор 32, Выполнение работ по обеспечению антитеррористической защищенности комплексов тех (0330100005426000007)
2026-05-29 21:57:25,514 [INFO] main: Stage1 updated: скор 32, Выполнение работ по установке  системы видеонаблюдения и СКУД в здании МАОУ "МОЛ (32616015878)
2026-05-29 21:57:27,436 [INFO] main: Stage1 inserted: скор 32, Оказание услуг по техническому обслуживанию и текущему ремонту автоматической по (0348100025626000025)
2026-05-29 21:57:29,264 [INFO] main: Stage1 inserted: скор 31, Оказание услуг по модернизации инженерно-технических средств охраны в помещении  (0373100114926000017)
2026-05-29 21:57:31,108 [INFO] main: Stage1 inserted: скор 33, Поставка и установка оборудования для системы контроля и управления доступом (0144100000226000063)
2026-05-29 21:57:32,940 [INFO] main: Stage1 inserted: скор 32, Выполнение работ по дооснащению системами КСОБ: системы пожарной сигнализации (С (0372200261626000015)
2026-05-29 21:57:34,808 [INFO] main: Stage1 inserted: скор 31, зз-0015-21291 - 2026 Запасные части для системы контроля и управления доступом ( (0813500000126010233)
2026-05-29 21:57:36,618 [INFO] main: Stage1 inserted: скор 33, Поставка системы контроля и управления доступом СКУД (32616057024)
2026-05-29 21:57:38,454 [INFO] main: Stage1 inserted: скор 32, Выполнение работ по разработке проектно-сметной документации на дооснащение сист (0372200046226000067)
2026-05-29 21:57:40,279 [INFO] main: Stage1 inserted: скор 31, Модернизация системы контроля и управления доступом ( СКУД ) на территории и объ (0327100004526000018)
2026-05-29 21:57:42,257 [INFO] main: Stage1 updated: скор 31, Поставка автомобилей аварийной службы для нужд ГБУ Северного административного о (32616038431)
2026-05-29 21:57:44,222 [INFO] main: Stage1 updated: скор 32, Оказание услуг по техническому обслуживанию комплексной системы обеспечения безо (0372200173426000002)
2026-05-29 21:57:46,136 [INFO] main: Stage1 updated: скор 32, Замена ограждения территории с установкой СКУД на калитках  по адресу: г. Апатит (32616053788)
2026-05-29 21:57:48,093 [INFO] main: Stage1 updated: скор 33, Оказание услуг по организации и проведению теплоходной экскурсии для жителей Бе  (0373200018826000367)
2026-05-29 21:57:50,012 [INFO] main: Stage1 updated: скор 31, Оказание услуг по техническому обслуживанию комплексной системы безопасности (0174100000426000010)
2026-05-29 21:57:51,946 [INFO] main: Stage1 updated: скор 32, Сохранение объекта культурного наследия: разработка проектно-сметной документаци (0372100003426000392)
2026-05-29 21:57:53,907 [INFO] main: Stage1 updated: скор 33, Техническое обслуживание системы автоматической пожарной сигнализации, системы о (0306200013426000154)
2026-05-29 21:57:55,835 [INFO] main: Stage1 updated: скор 31, Оказание услуг по техническому обслуживанию системы контроля и управления доступ (0187300014726001110)
2026-05-29 21:57:58,062 [INFO] main: Stage1 updated: скор 33, Оказание услуг по техническому обслуживанию систем охранного видеонаблюдения, си (0142200001326012051)
2026-05-29 21:58:00,041 [INFO] main: Stage1 updated: скор 31, Оказание услуг по техническому обслуживанию системы контроля и управления доступ (0187300014726001108)
2026-05-29 21:58:02,066 [INFO] main: Stage1 updated: скор 31, Оказание услуг по техническому обслуживанию и ремонту систем АПС, СКУД , видеона (0142300027126000057)
2026-05-29 21:58:03,995 [INFO] main: Stage1 updated: скор 31, Поставка и монтаж турникетов с подключением к системе контроля и управления дост (0373100057826000024)
2026-05-29 21:58:05,916 [INFO] main: Stage1 updated: скор 33, Оказание услуг по техническому обслуживанию систем охранно-пожарной сигнализации (32616046711)
2026-05-29 21:58:07,841 [INFO] main: Stage1 updated: скор 31, Оказание услуг по техническому обслуживанию и текущему ремонту систем безопаснос (0301100003526000028)
2026-05-29 21:58:09,777 [INFO] main: Stage1 updated: скор 33, Закупка оборудования системы контроля управления доступом ( СКУД ) для администр (0321100031826000018)
2026-05-29 21:58:11,709 [INFO] main: Stage1 updated: скор 31, Оказание услуг по перевозке групп детей (0373200627626000006)
2026-05-29 21:58:11,993 [INFO] scraper: ОКПД2 ['62.01', '62.02', '62.09', '63.11'], страница 1 (с 29.04.2026)
2026-05-29 21:58:16,714 [INFO] scraper: ОКПД2 ['62.01', '62.02', '62.09', '63.11'], страница 2 (с 29.04.2026)
2026-05-29 21:58:20,959 [INFO] scraper: ОКПД2 ['62.01', '62.02', '62.09', '63.11'] → 40 закупок
2026-05-29 21:58:21,377 [INFO] database: PostgreSQL pool создан: 1–5 соединений
2026-05-29 21:58:23,220 [INFO] main: Stage1 inserted: скор 31, Поставка продуктов питания (овощи свежие) (32616065395)
2026-05-29 21:58:25,071 [INFO] main: Stage1 inserted: скор 31, Поставка продуктов питания (мясная продукция) (32616065377)
2026-05-29 21:58:26,919 [INFO] main: Stage1 inserted: скор 30, Поставка товаров для буфета (7-ЗК) (32616065945)
2026-05-29 21:58:28,764 [INFO] main: Stage1 inserted: скор 28, Канцелярия для нужд АО "Морпорт Певек" (32616037850)
2026-05-29 21:58:30,593 [INFO] main: Stage1 inserted: скор 30, Поставка продуктов питания (мясная продукция) (32616066131)
2026-05-29 21:58:34,136 [INFO] main: Stage1 inserted: скор 30, Поставка продуктов питания (мясная, рыбная продукция) (32616066127)
2026-05-29 21:58:36,007 [INFO] main: Stage1 inserted: скор 30, Оказание услуг по техническому обслуживанию приточно-вытяжных вентиляций в ПЦР-л (32616066123)
2026-05-29 21:58:37,843 [INFO] main: Stage1 inserted: скор 31, Поставка товаров для буфета (6-ЗК) (32616065886)
2026-05-29 21:58:39,710 [INFO] main: Stage1 inserted: скор 31, ОКПД2 20.13.25.120 Поставка гидразин-гидрата технического в рамках исполнения пр (32616065089)
2026-05-29 21:58:41,548 [INFO] main: Stage1 inserted: скор 31, Поставка продуктов питания (свинина,печень КРС) (32616066162)
2026-05-29 21:58:43,376 [INFO] main: Stage1 inserted: скор 30, Поставка продуктов питания (фрукты) (32616066114)
2026-05-29 21:58:45,213 [INFO] main: Stage1 inserted: скор 30, Поставка продуктов питания (молочная продукция) (32616066112)
2026-05-29 21:58:47,036 [INFO] main: Stage1 inserted: скор 31, ОКПД2 20.13.64.120 Поставка карбида кальция в рамках исполнения производственных (32616065046)
2026-05-29 21:58:48,895 [INFO] main: Stage1 inserted: скор 30, Поставка продуктов питания (молочная продукция) (32616066105)
2026-05-29 21:58:50,765 [INFO] main: Stage1 inserted: скор 31, Поставка овощей и фруктов 5-11 классы (32616066160)
2026-05-29 21:58:52,583 [INFO] main: Stage1 inserted: скор 30, Поставка рыбы мороженой (минтай) (32616066156)
2026-05-29 21:58:54,417 [INFO] main: Stage1 inserted: скор 31, Поставка изделий медицинского назначения (32616066051)
2026-05-29 21:58:56,298 [INFO] main: Stage1 inserted: скор 31, Поставка мясо птицы, яйцо куриное 5-11 кл (32616066152)
2026-05-29 21:58:58,400 [INFO] main: Stage1 inserted: скор 30, Поставка продуктов питания (бакалея) (32616066092)
2026-05-29 21:59:00,228 [INFO] main: Stage1 inserted: скор 29, Поставка продуктов питания (яйцо куриное) (32616066147)
2026-05-29 21:59:02,066 [INFO] main: Stage1 inserted: скор 30, Поставка изделий медицинского назначения (32616066033)
2026-05-29 21:59:03,879 [INFO] main: Stage1 inserted: скор 29, Поставка продуктов питания (тушки цыплят-бройлеров) (32616066143)
2026-05-29 21:59:05,688 [INFO] main: Stage1 inserted: скор 30, Поставка хлебобулочных изделий (32616066141)
2026-05-29 21:59:07,529 [INFO] main: Stage1 inserted: скор 31, Оказание услуг по техническому обслуживанию системы наружной канализации (32616066140)
2026-05-29 21:59:09,362 [INFO] main: Stage1 inserted: скор 30, ОКПД2 20.13.24.122 Поставка кислоты серной технической в рамках исполнения произ (32616064728)
2026-05-29 21:59:11,207 [INFO] main: Stage1 inserted: скор 30, Поставка бакалеи, сыра (32616066138)
2026-05-29 21:59:13,086 [INFO] main: Stage1 inserted: скор 31, Поставка реагентов (кальций гипохлорит, натрия тиосульфат, сода кальцинированная (32616066073)
2026-05-29 21:59:14,924 [INFO] main: Stage1 inserted: скор 30, Поставка кисломолочной продукции,молока (32616066125)
2026-05-29 21:59:16,752 [INFO] main: Stage1 inserted: скор 30, Устройство  системы аварийного освещения (32616063808)
2026-05-29 21:59:18,596 [INFO] main: Stage1 inserted: скор 30, Поставка быстросъемного соединения для установки на колесный экскаватор Doosan S (32616066055)
2026-05-29 21:59:20,420 [INFO] main: Stage1 inserted: скор 29, ОКПД2 20.41.20.120 Поставка катионитов в рамках исполнения производственных прог (32616064114)
2026-05-29 21:59:22,250 [INFO] main: Stage1 inserted: скор 31, ОКПД2 20.13.42.130 Поставка тринатрийфосфата в рамках исполнения производственны (32616064026)
2026-05-29 21:59:24,066 [INFO] main: Stage1 inserted: скор 31, Изготовление и поставка Гармони (Г-19 ГАРМОНЬ «ЗАКАЗНАЯ» 27X25-IV-7+3) (32616063392)
2026-05-29 21:59:25,904 [INFO] main: Stage1 inserted: скор 27, Оказание услуг по организации питания детей и сотрудников, находящихся в МАОУ ДО (32616066166)
2026-05-29 21:59:27,732 [INFO] main: Stage1 inserted: скор 27,  (0340300011326000144)
2026-05-29 21:59:29,632 [INFO] main: Stage1 inserted: скор 30, ОКПД2 28.92.40.125 Поставка ударно-молотковой дробилки в рамках исполнения инвес (32616063967)
2026-05-29 21:59:31,468 [INFO] main: Stage1 inserted: скор 27,  (0340300011326000143)
2026-05-29 21:59:33,450 [INFO] main: Stage1 updated: скор 29, Закупка № 223/030-2026 на право заключения договора на поставку реактивов для ну (32616028454)
2026-05-29 21:59:35,606 [INFO] main: Stage1 updated: скор 30, Закупка № 223/028-2026 на право заключения договора на поставку реактивов для ну (32616028452)
2026-05-29 21:59:37,436 [INFO] main: Stage1 inserted: скор 27,  (0340300011326000142)
2026-05-29 21:59:37,437 [INFO] main: ОКПД2-канал добавил 40 новых тендеров
2026-05-29 21:59:37,722 [INFO] main: Этап 1 завершён: найдено 268, кандидатов на этап 2: 268
2026-05-29 21:59:38,011 [INFO] main: ══════════════════════════════════════════════════
2026-05-29 21:59:38,011 [INFO] main: Этап 2: детальный анализ документов
2026-05-29 21:59:38,402 [INFO] main: Кандидатов на детальный анализ: 20
2026-05-29 21:59:42,422 [INFO] main: Stage2 8-фильтровый скор 32/NO-GO: Оказание услуг по передаче (продлению) неисключительных лицензионных прав на использование (0320300000326000030)
2026-05-29 21:59:46,304 [INFO] main: Stage2 8-фильтровый скор 33/NO-GO: Услуги по предоставлению лицензий на право использовать компьютерное программное обеспечен (0335300000226000309)
2026-05-29 21:59:50,425 [INFO] main: Stage2 8-фильтровый скор 32/NO-GO: оказание услуг по предоставлению неисключительных прав (лицензии) на использование програм (0809500000326001969)
2026-05-29 21:59:54,414 [INFO] main: Stage2 8-фильтровый скор 32/NO-GO: Поставка неисключительного права на использование лицензии 1С- Битрикс24 .Энтерпрайз (0335200007526000054)
2026-05-29 21:59:58,621 [INFO] main: Stage2 8-фильтровый скор 32/NO-GO: Оказание услуг по поставке лицензии на использование (простую неисключительную лицензию) п (0118300013326000763)
2026-05-29 22:00:03,251 [INFO] main: Stage2 8-фильтровый скор 32/NO-GO: Техническое обслуживание системы автоматической пожарной сигнализации, системы оповещения  (0306200013426000154)
2026-05-29 22:00:08,623 [INFO] main: Stage2 8-фильтровый скор 31/NO-GO: Закупка оборудования системы контроля управления доступом ( СКУД ) для административного з (0321100031826000018)
2026-05-29 22:00:10,051 [WARNING] scraper: HTTP 404 для https://zakupki.gov.ru/epz/order/notice/zk20/view/common-info.html?regNumber=32616046711
2026-05-29 22:00:13,532 [WARNING] scraper: HTTP 404 для https://zakupki.gov.ru/epz/order/notice/zk20/view/common-info.html?regNumber=32616046711
2026-05-29 22:00:20,312 [WARNING] scraper: HTTP 404 для https://zakupki.gov.ru/epz/order/notice/zk20/view/common-info.html?regNumber=32616046711
2026-05-29 22:00:30,642 [INFO] main: Stage2 8-фильтровый скор 33/GO: Оказание услуг по техническому обслуживанию систем охранно-пожарной сигнализации, установо (32616046711)
2026-05-29 22:00:30,646 [WARNING] notifier: Telegram не настроен (нет токена или chat_id)
2026-05-29 22:00:36,329 [INFO] main: Stage2 8-фильтровый скор 32/NO-GO: Поставка сетев ого оборудован ия (коммутатор, маршрутизатор) (0372200155426000081)
2026-05-29 22:00:42,246 [INFO] main: Stage2 8-фильтровый скор 33/NO-GO: Поставка термина ла сбор а дан ных (0190200000326006299)
2026-05-29 22:00:46,183 [INFO] main: Stage2 8-фильтровый скор 32/NO-GO: Предоставление прав использования программного обеспечения функциональности « Личн ый каби (0895100000126000860)
2026-05-29 22:00:47,566 [WARNING] scraper: HTTP 404 для https://zakupki.gov.ru/epz/order/notice/zk20/view/common-info.html?regNumber=32616049193
2026-05-29 22:00:51,628 [WARNING] scraper: HTTP 404 для https://zakupki.gov.ru/epz/order/notice/zk20/view/common-info.html?regNumber=32616049193
2026-05-29 22:00:58,768 [WARNING] scraper: HTTP 404 для https://zakupki.gov.ru/epz/order/notice/zk20/view/common-info.html?regNumber=32616049193
2026-05-29 22:01:09,200 [INFO] main: Stage2 8-фильтровый скор 33/GO: Право заключения договора на оказание услуг по адаптации и настройке системы «Дополнительн (32616049193)
2026-05-29 22:01:09,202 [WARNING] notifier: Telegram не настроен (нет токена или chat_id)
2026-05-29 22:01:13,637 [INFO] main: Stage2 8-фильтровый скор 31/NO-GO: Оказание услуг по поставке лицензии на использование (простой неисключительной лицензии) п (0118300013326000795)
2026-05-29 22:01:18,855 [INFO] main: Stage2 8-фильтровый скор 33/NO-GO: Оказание услуг по техническому обслуживанию оборудован ия систем охранного видеонаблюдения (0121100006826000058)
2026-05-29 22:01:24,436 [INFO] main: Stage2 8-фильтровый скор 34/NO-GO: Оказание услуг по техническому обслуживанию, аварийному и планово-предупредительному ремон (0166300024726000703)
2026-05-29 22:01:25,890 [WARNING] scraper: HTTP 404 для https://zakupki.gov.ru/epz/order/notice/zk20/view/common-info.html?regNumber=32616057024
2026-05-29 22:01:29,496 [WARNING] scraper: HTTP 404 для https://zakupki.gov.ru/epz/order/notice/zk20/view/common-info.html?regNumber=32616057024
2026-05-29 22:01:36,286 [WARNING] scraper: HTTP 404 для https://zakupki.gov.ru/epz/order/notice/zk20/view/common-info.html?regNumber=32616057024
2026-05-29 22:01:46,811 [INFO] main: Stage2 8-фильтровый скор 33/GO: Поставка системы контроля и управления доступом СКУД (32616057024)
2026-05-29 22:01:46,813 [WARNING] notifier: Telegram не настроен (нет токена или chat_id)
2026-05-29 22:01:48,974 [WARNING] scraper: HTTP 404 для https://zakupki.gov.ru/epz/order/notice/zk20/view/common-info.html?regNumber=32616065116
2026-05-29 22:01:52,818 [WARNING] scraper: HTTP 404 для https://zakupki.gov.ru/epz/order/notice/zk20/view/common-info.html?regNumber=32616065116
2026-05-29 22:01:59,897 [WARNING] scraper: HTTP 404 для https://zakupki.gov.ru/epz/order/notice/zk20/view/common-info.html?regNumber=32616065116
2026-05-29 22:02:10,077 [INFO] main: Stage2 8-фильтровый скор 34/GO: Оказание услуг по техническому обслуживанию оборудования интегрированной системы безопасно (32616065116)
2026-05-29 22:02:10,079 [WARNING] notifier: Telegram не настроен (нет токена или chat_id)
2026-05-29 22:02:15,377 [INFO] main: Stage2 8-фильтровый скор 32/NO-GO: Капитальный ремонт системы видеонаблюден ия в отделе по Индустриальному району территориал (0156200001526000033)
2026-05-29 22:02:20,187 [INFO] main: Stage2 8-фильтровый скор 32/NO-GO: Выполнение работ по капитальному ремонту системы видеонаблюден ия в здании МОУ "Брилинская (0830500000226001530)
2026-05-29 22:02:29,399 [INFO] main: Stage2 8-фильтровый скор 30/NO-GO: Оказание услуг по техническому обслуживанию и ремонту средств печатной техники (0373100109126000011)
2026-05-29 22:02:30,699 [INFO] main: Этап 2 завершён: обработано 20, отправлено 0
2026-05-29 22:02:31,523 [INFO] main: Статистика: всего 426, primary-кандидатов 426, детально проверено 30, отправлено 0
2026-05-30 11:00:17,052 [INFO] database: PostgreSQL pool создан: 1–5 соединений
2026-05-30 11:00:23,457 [INFO] main: ══════════════════════════════════════════════════
2026-05-30 11:00:23,458 [INFO] main: Пересчёт скоринга существующих лотов (без сети/LLM)
2026-05-30 11:00:24,251 [INFO] main: Лотов к пересчёту: 166
2026-05-30 11:04:51,482 [INFO] main: Пересчёт завершён: обработано 166, решение изменилось у 125
2026-05-30 11:04:52,427 [INFO] main: Статистика: всего 166, primary-кандидатов 132, детально проверено 5, отправлено 0
2026-05-31 13:07:51,264 [INFO] database: PostgreSQL pool создан: 1–5 соединений
2026-05-31 13:07:58,622 [INFO] main: ══════════════════════════════════════════════════
2026-05-31 13:07:58,624 [INFO] main: Аналитический цикл
2026-05-31 13:07:58,625 [INFO] main: Обновление ценовых коридоров…
2026-05-31 13:08:18,705 [WARNING] winner_analytics: Attempt 1 failed: HTTPSConnectionPool(host='zakupki.gov.ru', port=443): Max retries exceeded with url: /epz/contract/search/results.html?searchString=1%D0%A1-%D0%91%D0%B8%D1%82%D1%80%D0%B8%D0%BA%D1%81&morphology=on&search-filter=%D0%94%D0%B0%D1%82%D0%B5+%D0%B7%D0%B0%D0%BA%D0%BB%D1%8E%D1%87%D0%B5%D0%BD%D0%B8%D1%8F&sortBy=SIGN_DATE&sortDirection=false&recordsPerPage=_20&contractDateFrom=01.01.2024&fz44=on&fz223=on&pageNumber=1 (Caused by ConnectTimeoutError(<urllib3.connection.HTTPSConnection object at 0x104a692b0>, 'Connection to zakupki.gov.ru timed out. (connect timeout=20)'))
2026-06-12 14:48:17,744 [INFO] database: PostgreSQL pool создан: 1–5 соединений
2026-06-12 14:48:17,958 [INFO] database: Все таблицы удалены
2026-06-12 14:48:18,187 [INFO] database: PostgreSQL схема создана: v6
2026-06-12 14:48:19,073 [INFO] main: ══════════════════════════════════════════════════
2026-06-12 14:48:19,073 [INFO] main: Этап 1: поиск карточек (11 ключей, цена 200,000–5,000,000 ₽, 30 дн., 44-ФЗ=True, 223-ФЗ=True, ОКПД2=False)
2026-06-12 14:48:19,073 [INFO] scraper: Ищу '1С-Битрикс', страница 1 (с 13.05.2026)
2026-06-12 14:48:23,058 [INFO] scraper: Ищу '1С-Битрикс', страница 2 (с 13.05.2026)
2026-06-12 14:48:23,431 [INFO] scraper: Нет карточек на странице 2 для '1С-Битрикс'
2026-06-12 14:48:23,433 [INFO] scraper: Найдено 3 закупок по запросу '1С-Битрикс'
2026-06-12 14:48:23,529 [INFO] database: PostgreSQL pool создан: 1–5 соединений
2026-06-12 14:48:24,355 [INFO] main: Stage1 inserted: скор 28, Оказание услуг по продлению лицензии на программное обеспечение: «1С- Битрикс :  (0387300023226000131)
2026-06-12 14:48:24,749 [INFO] main: Stage1 inserted: скор 25, Оказание услуг по  предоставлению права использования компьютерного программного (0826600012226000034)
2026-06-12 14:48:25,132 [INFO] main: Stage1 inserted: скор 28, Оказание услуг по продлению лицензии на программное обеспечение:  «1С- Битрикс : (0387300023226000128)
2026-06-12 14:48:25,193 [INFO] scraper: Ищу 'личный кабинет', страница 1 (с 13.05.2026)
2026-06-12 14:48:29,324 [INFO] scraper: Ищу 'личный кабинет', страница 2 (с 13.05.2026)
2026-06-12 14:48:29,646 [INFO] scraper: Нет карточек на странице 2 для 'личный кабинет'
2026-06-12 14:48:29,647 [INFO] scraper: Найдено 9 закупок по запросу 'личный кабинет'
2026-06-12 14:48:29,729 [INFO] database: PostgreSQL pool создан: 1–5 соединений
2026-06-12 14:48:30,146 [INFO] main: Stage1 inserted: скор 25, Оказание услуг по передаче неисключительных (пользовательских) прав на программн (0311200049526000016)
2026-06-12 14:48:30,500 [INFO] main: Stage1 inserted: скор 29, зз-0016-27228 - 2026 Услуги по изготовлению и поставке печатной продукции (медиц (0813500000126011459)
2026-06-12 14:48:30,879 [INFO] main: Stage1 inserted: скор 26, №5 Выполнение работ по созданию «Автоматизированной информационной системы « Лич (32616099332)
2026-06-12 14:48:31,262 [INFO] main: Stage1 inserted: скор 29, Оказание услуг по настройке личн ого кабинет а гражданина и сервиса авторизации  (0162300005826000156)
2026-06-12 14:48:31,645 [INFO] main: Stage1 inserted: скор 26, зз-0016-25763 - 2026 Услуги по развитию информационной системы государственного  (0813500000126010683)
2026-06-12 14:48:32,040 [INFO] main: Stage1 inserted: скор 27, Разработка и внедрение системы « Личный кабинет потребителя электроэнергии – юри (32616089882)
2026-06-12 14:48:32,402 [INFO] main: Stage1 inserted: скор 27, Поставка источников бесперебойного питания и комплектующих (батарейного кабинет  (32616088912)
2026-06-12 14:48:32,763 [INFO] main: Stage1 inserted: скор 26, Оказание услуг по организации и функционированию многоуровневой службы техническ (0173100005126000016)
2026-06-12 14:48:33,152 [INFO] main: Stage1 inserted: скор 26, Оказание комплекса услуг по сопровождению действующего программного продукта "ФГ (32616050770)
2026-06-12 14:48:33,213 [INFO] scraper: Ищу 'техническое сопровождение информационной системы', страница 1 (с 13.05.2026)
2026-06-12 14:48:38,316 [INFO] scraper: Ищу 'техническое сопровождение информационной системы', страница 2 (с 13.05.2026)
2026-06-12 14:48:42,080 [INFO] scraper: Найдено 40 закупок по запросу 'техническое сопровождение информационной системы'
2026-06-12 14:48:42,154 [INFO] database: PostgreSQL pool создан: 1–5 соединений
2026-06-12 14:48:42,541 [INFO] main: Stage1 inserted: скор 24, Оказание услуг по техническ ому сопровожден ию автоматизированной информационной (32616106582)
2026-06-12 14:48:42,910 [INFO] main: Stage1 inserted: скор 24, Оказание услуг по техническ ому сопровожден ию единой информационной базы данных (0373100077626000061)
2026-06-12 14:48:43,290 [INFO] main: Stage1 inserted: скор 24, Оказание услуг по сопровожден ию и эксплуатации Единой информационной системы уп (0356500001426004709)
2026-06-12 14:48:43,678 [INFO] main: Stage1 inserted: скор 27, Оказание услуг по сопровожден ию, техническ ой поддержке и сервисному обслуживан (0152200001126000021)
2026-06-12 14:48:44,052 [INFO] main: Stage1 inserted: скор 25, Выполнение работ по информацион но- техническ ому сопровожден ию Автоматизирован (0833600000826000511)
2026-06-12 14:48:44,456 [INFO] main: Stage1 inserted: скор 25, Оказание услуг по адаптации и сопровожден ию установленных у Заказчика экземпляр (0848300051126000071)
2026-06-12 14:48:44,833 [INFO] main: Stage1 inserted: скор 27, Оказание услуг по передаче сертификатов активации сервисов техническ ого сопрово (0187300008126000299)
2026-06-12 14:48:45,215 [INFO] main: Stage1 inserted: скор 24, Оказание услуг по сопровожден ию прикладного программного обеспечения Медицинско (0194200000526003953)
2026-06-12 14:48:45,587 [INFO] main: Stage1 inserted: скор 24, Оказание комплексных услуг по сопровожден ию государственной информационной сист (0373100020926000012)
2026-06-12 14:48:45,990 [INFO] main: Stage1 inserted: скор 27, Оказание услуг по сопровожден ию и адаптации справочно-правовой системы «Консуль (0371500000926000336)
2026-06-12 14:48:46,381 [INFO] main: Stage1 inserted: скор 24, Содержание автомобильных дорог регионального или межмуниципального значения Крас (0818500000826003933)
2026-06-12 14:48:46,774 [INFO] main: Stage1 inserted: скор 24, Содержание автомобильных дорог регионального или межмуниципального значения Крас (0818500000826003934)
2026-06-12 14:48:47,154 [INFO] main: Stage1 inserted: скор 24, Содержание автомобильных дорог регионального или межмуниципального значения Крас (0818500000826003931)
2026-06-12 14:48:47,535 [INFO] main: Stage1 inserted: скор 24, Выполнение работ по модернизации комплексной системы обеспечения информационной  (0195100000326000014)
2026-06-12 14:48:47,946 [INFO] main: Stage1 inserted: скор 24, Содержание автомобильных дорог регионального или межмуниципального значения Крас (0818500000826003930)
2026-06-12 14:48:48,335 [INFO] main: Stage1 inserted: скор 24, Оказание услуг по техническ ому сопровожден ию при эксплуатации специализированн (32616097099)
2026-06-12 14:48:48,725 [INFO] main: Stage1 inserted: скор 26, Оказание услуг по техническ ому сопровожден ию программного обеспечения автомати (0332100016926000068)
2026-06-12 14:48:49,112 [INFO] main: Stage1 inserted: скор 24, Оказание услуг по комплексному обслуживанию и администрированию базовых вычислит (0372200278526000046)
2026-06-12 14:48:49,484 [INFO] main: Stage1 inserted: скор 25, Оказание услуги по информацион ному обновлению и сопровожден ию 
программного пр (0818500003826000009)
2026-06-12 14:48:49,874 [INFO] main: Stage1 inserted: скор 27, Услуги по адаптации и сопровожден ию ранее установленной системы нормативно- тех (0362200008426000004)
2026-06-12 14:48:50,270 [INFO] main: Stage1 inserted: скор 24, Оказание услуг по сопровожден ию и техническ ой поддержке региональной информаци (0190200000326006965)
2026-06-12 14:48:50,647 [INFO] main: Stage1 inserted: скор 24, Оказание услуг по техническ ому сопровожден ию пользователей при эксплуатации ме (0304300063226000053)
2026-06-12 14:48:51,039 [INFO] main: Stage1 inserted: скор 24, Оказание услуг по систем ному сопровожден ию программно- техническ ого комплекса (0373200608526000007)
2026-06-12 14:48:51,436 [INFO] main: Stage1 inserted: скор 24, Оказание услуг по сопровожден ию под системы «Единая рентгенологическая информац (0348200081026003444)
2026-06-12 14:48:51,839 [INFO] main: Stage1 inserted: скор 24, Оказание услуг по сопровожден ию под системы «Лаборатория» государственной инфор (0348200081026003443)
2026-06-12 14:48:52,221 [INFO] main: Stage1 inserted: скор 24, Содержание автомобильных дорог регионального или межмуниципального значения Крас (0818500000826003917)
2026-06-12 14:48:52,579 [INFO] main: Stage1 inserted: скор 24, Содержание автомобильных дорог регионального или межмуниципального значения Крас (0818500000826003912)
2026-06-12 14:48:52,967 [INFO] main: Stage1 inserted: скор 24, Содержание автомобильных дорог регионального или межмуниципального значения Крас (0818500000826003916)
2026-06-12 14:48:53,342 [INFO] main: Stage1 inserted: скор 25, Оказание услуг по информацион ному обновлению и сопровожден ию программного прод (0318200039626000001)
2026-06-12 14:48:53,754 [INFO] main: Stage1 inserted: скор 27, Оказание услуги по сопровожден ию и техническ ой поддержке установленного програ (0318300254126000075)
2026-06-12 14:48:54,144 [INFO] main: Stage1 inserted: скор 24, Содержание автомобильных дорог регионального или межмуниципального значения Крас (0818500000826003915)
2026-06-12 14:48:54,532 [INFO] main: Stage1 inserted: скор 24, Содержание автомобильных дорог регионального или межмуниципального значения Крас (0818500000826003914)
2026-06-12 14:48:54,914 [INFO] main: Stage1 inserted: скор 24, Содержание автомобильных дорог регионального или межмуниципального значения Крас (0818500000826003913)
2026-06-12 14:48:55,294 [INFO] main: Stage1 inserted: скор 24, Оказание услуг по техническ ому сопровожден ию пользователей при эксплуатации ме (0304200003126000001)
2026-06-12 14:48:55,682 [INFO] main: Stage1 inserted: скор 24, Оказание услуг по сопровожден ию «Платформы вертикально интегрированных медицинс (0373100014626000088)
2026-06-12 14:48:56,056 [INFO] main: Stage1 inserted: скор 25, Оказание услуг по авторскому сопровожден ию модуля «Учет ТМЦ материально-ответст (0318200050326000003)
2026-06-12 14:48:56,426 [INFO] main: Stage1 inserted: скор 24, Оказание услуг по техническ ому сопровожден ию пользователей при эксплуатации ме (0304300013526000093)
2026-06-12 14:48:56,801 [INFO] main: Stage1 inserted: скор 25, Услуги по информацион ному обновлению и сопровожден ию  программного продукта "К (0318200033126000001)
2026-06-12 14:51:16,796 [INFO] database: PostgreSQL pool создан: 1–5 соединений
2026-06-12 14:51:17,954 [INFO] main: ══════════════════════════════════════════════════
2026-06-12 14:51:17,954 [INFO] main: Этап 2: детальный анализ документов
2026-06-12 14:51:18,033 [INFO] main: Кандидатов на детальный анализ: 20
2026-06-12 14:51:18,931 [INFO] document_processor: Документ не скачан https://zakupki.gov.ru/epz/order/notice/printForm/listModal.html?regNumber=0162300005826000156: HTTP 500
2026-06-12 14:51:19,380 [INFO] document_processor: Документ не скачан https://zakupki.gov.ru/epz/order/notice/printForm/view.html?regNumber=0162300005826000156: HTTP 500
2026-06-12 14:51:21,705 [INFO] main: Stage2 8-фильтровый скор 30/NO-GO: Оказание услуг по настройке личн ого кабинет а гражданина и сервиса авторизации посредство (0162300005826000156)
2026-06-12 14:51:23,268 [INFO] document_processor: Документ не скачан https://zakupki.gov.ru/epz/order/notice/printForm/listModal.html?regNumber=0813500000126011459: HTTP 500
2026-06-12 14:51:23,801 [INFO] document_processor: Документ не скачан https://zakupki.gov.ru/epz/order/notice/printForm/view.html?regNumber=0813500000126011459: HTTP 500
2026-06-12 14:51:24,856 [INFO] main: Stage2 8-фильтровый скор 31/NO-GO: зз-0016-27228 - 2026 Услуги по изготовлению и поставке печатной продукции (медицинские бла (0813500000126011459)
2026-06-12 14:51:26,190 [INFO] document_processor: Документ не скачан https://zakupki.gov.ru/epz/order/notice/printForm/listModal.html?regNumber=0387300023226000128: HTTP 500
2026-06-12 14:51:26,842 [INFO] document_processor: Документ не скачан https://zakupki.gov.ru/epz/order/notice/printForm/view.html?regNumber=0387300023226000128: HTTP 500
2026-06-12 14:51:27,990 [INFO] main: Stage2 8-фильтровый скор 29/NO-GO: Оказание услуг по продлению лицензии на программное обеспечение:  «1С- Битрикс : Управлени (0387300023226000128)
2026-06-12 14:51:29,467 [INFO] document_processor: Документ не скачан https://zakupki.gov.ru/epz/order/notice/printForm/listModal.html?regNumber=0387300023226000131: HTTP 500
2026-06-12 14:51:30,132 [INFO] document_processor: Документ не скачан https://zakupki.gov.ru/epz/order/notice/printForm/view.html?regNumber=0387300023226000131: HTTP 500
2026-06-12 14:51:31,497 [INFO] main: Stage2 8-фильтровый скор 29/NO-GO: Оказание услуг по продлению лицензии на программное обеспечение: «1С- Битрикс : Управление (0387300023226000131)
2026-06-12 14:51:31,881 [WARNING] scraper: HTTP 404 для https://zakupki.gov.ru/epz/order/notice/zk20/view/common-info.html?regNumber=32616089882
2026-06-12 14:51:35,256 [WARNING] scraper: HTTP 404 для https://zakupki.gov.ru/epz/order/notice/zk20/view/common-info.html?regNumber=32616089882
2026-06-12 14:51:41,928 [WARNING] scraper: HTTP 404 для https://zakupki.gov.ru/epz/order/notice/zk20/view/common-info.html?regNumber=32616089882
2026-06-12 14:51:52,040 [INFO] main: Stage2 8-фильтровый скор 31/NO-GO: Разработка и внедрение системы « Личный кабинет потребителя электроэнергии – юридического  (32616089882)
2026-06-12 14:51:52,382 [WARNING] scraper: HTTP 404 для https://zakupki.gov.ru/epz/order/notice/zk20/view/common-info.html?regNumber=32616088912
2026-06-12 14:51:56,020 [WARNING] scraper: HTTP 404 для https://zakupki.gov.ru/epz/order/notice/zk20/view/common-info.html?regNumber=32616088912
2026-06-12 14:52:03,023 [WARNING] scraper: HTTP 404 для https://zakupki.gov.ru/epz/order/notice/zk20/view/common-info.html?regNumber=32616088912
2026-06-12 14:52:12,624 [INFO] main: Stage2 8-фильтровый скор 31/CAUTION: Поставка источников бесперебойного питания и комплектующих (батарейного кабинет а) (32616088912)
2026-06-12 14:52:12,626 [WARNING] notifier: Telegram не настроен (нет токена или chat_id)
2026-06-12 14:52:14,541 [INFO] document_processor: Документ не скачан https://zakupki.gov.ru/epz/order/notice/printForm/listModal.html?regNumber=0318300254126000075: HTTP 500
2026-06-12 14:52:15,259 [INFO] document_processor: Документ не скачан https://zakupki.gov.ru/epz/order/notice/printForm/view.html?regNumber=0318300254126000075: HTTP 500
2026-06-12 14:52:16,959 [INFO] main: Stage2 8-фильтровый скор 30/NO-GO: Оказание услуги по сопровожден ию и техническ ой поддержке установленного программного про (0318300254126000075)
2026-06-12 14:52:18,311 [INFO] document_processor: Документ не скачан https://zakupki.gov.ru/epz/order/notice/printForm/listModal.html?regNumber=0152200001126000021: HTTP 500
2026-06-12 14:52:19,081 [INFO] document_processor: Документ не скачан https://zakupki.gov.ru/epz/order/notice/printForm/view.html?regNumber=0152200001126000021: HTTP 500
